"Sottoarea_1","2016-05-20",2.9768,0.2685,0.3549,0.1259,11.9802
,"2016-05-21",1.1067,0.267,0.3522,0.124,11.9802
,"2016-05-22",0.438,0.2672,0.3525,0.1242,11.9926
,"2016-05-23",3.2695,0.2668,0.3521,0.124,11.9926
,"2016-05-24",3.4085,0.267,0.3524,0.1242,11.9926
,"2016-05-25",2.8527,0.2673,0.3527,0.1244,12.0054
,"2016-05-26",2.873,0.2656,0.3496,0.1222,12.0054
,"2016-05-27",3.1854,0.2651,0.3491,0.1219,12.003
,"2016-05-28",1.2665,0.2655,0.3495,0.1221,12.0239
,"2016-05-29",0.23,0.2654,0.3496,0.1222,12.0182
"Sottoarea_10","2016-05-20",5.9265,0.3731,0.5158,0.266,10.9405
,"2016-05-21",1.6887,0.3705,0.5108,0.261,10.9405
,"2016-05-22",0.5486,0.3711,0.5113,0.2615,10.9598
,"2016-05-23",4.8193,0.3716,0.5118,0.2619,10.9521
,"2016-05-24",4.4167,0.3722,0.5123,0.2625,10.9521
,"2016-05-25",5.5178,0.3711,0.5112,0.2613,10.8712
,"2016-05-26",5.0066,0.369,0.5078,0.2579,10.8712
,"2016-05-27",5.8572,0.3695,0.5083,0.2584,10.8889
,"2016-05-28",1.6955,0.3696,0.5086,0.2587,10.8988
,"2016-05-29",0.0924,0.3698,0.509,0.259,10.9084
"Sottoarea_100","2016-05-20",6.35,0.4473,0.6439,0.4146,9.7654
,"2016-05-21",1.5869,0.4441,0.638,0.407,9.7654
,"2016-05-22",0.07,0.4426,0.6365,0.4051,9.7493
,"2016-05-23",6.1703,0.443,0.637,0.4057,9.7102
,"2016-05-24",6.4113,0.4434,0.6375,0.4064,9.7102
,"2016-05-25",6.0792,0.4437,0.638,0.4071,9.7212
,"2016-05-26",5.4873,0.4408,0.6332,0.4009,9.7212
,"2016-05-27",6.1442,0.4408,0.6335,0.4013,9.7263
,"2016-05-28",1.6142,0.4401,0.6332,0.4009,9.7263
,"2016-05-29",0.4096,0.4397,0.6332,0.4009,9.7321
"Sottoarea_101","2016-05-20",4.8471,0.35,0.5075,0.2576,12.397
,"2016-05-21",0.6597,0.348,0.5044,0.2544,12.397
,"2016-05-22",0.2097,0.3479,0.5046,0.2546,12.4036
,"2016-05-23",4.2016,0.3484,0.5051,0.2551,12.4158
,"2016-05-24",5.1317,0.3491,0.5056,0.2556,12.4158
,"2016-05-25",4.6241,0.3489,0.5057,0.2557,12.3336
,"2016-05-26",3.9587,0.3473,0.5037,0.2537,12.3336
,"2016-05-27",4.7287,0.3458,0.5017,0.2517,12.0846
,"2016-05-28",1.3854,0.346,0.5021,0.2521,12.1001
,"2016-05-29",0.1098,0.3457,0.502,0.252,12.0642
"Sottoarea_102","2016-05-20",8.2845,0.5358,0.7579,0.5744,12.5972
,"2016-05-21",1.8291,0.5321,0.7512,0.5643,12.5972
,"2016-05-22",0.2121,0.5321,0.7515,0.5647,12.6043
,"2016-05-23",8.0842,0.5316,0.7515,0.5647,12.4526
,"2016-05-24",8.802,0.5323,0.7522,0.5658,12.4526
,"2016-05-25",8.5353,0.5319,0.7522,0.5658,12.4242
,"2016-05-26",6.6955,0.5309,0.7515,0.5647,12.3274
,"2016-05-27",7.9288,0.5302,0.7513,0.5644,12.3056
,"2016-05-28",1.0314,0.5311,0.752,0.5655,12.3315
,"2016-05-29",0.3012,0.5314,0.7526,0.5664,12.3386
"Sottoarea_103","2016-05-20",4.6066,0.3637,0.4734,0.2241,14.1394
,"2016-05-21",1.3076,0.362,0.4709,0.2217,14.1394
,"2016-05-22",0.0367,0.361,0.4697,0.2206,13.961
,"2016-05-23",3.9861,0.3609,0.4698,0.2207,13.9039
,"2016-05-24",3.4257,0.3608,0.4699,0.2208,13.9039
,"2016-05-25",4.1744,0.361,0.4703,0.2211,13.9177
,"2016-05-26",3.1567,0.36,0.4691,0.2201,13.7432
,"2016-05-27",4.4315,0.3594,0.4686,0.2196,13.6969
,"2016-05-28",1.3133,0.3594,0.4688,0.2198,13.7127
,"2016-05-29",0.0367,0.3596,0.4692,0.2201,13.7241
"Sottoarea_104","2016-05-20",5.0898,0.384,0.5214,0.2719,13.0826
,"2016-05-21",1.8084,0.3813,0.5162,0.2665,13.0826
,"2016-05-22",0.0483,0.3809,0.516,0.2663,13.0428
,"2016-05-23",4.4086,0.3799,0.5151,0.2653,12.8661
,"2016-05-24",4.1487,0.3801,0.5154,0.2657,12.8661
,"2016-05-25",4.8989,0.3803,0.5158,0.266,12.8629
,"2016-05-26",3.5507,0.3789,0.514,0.2642,12.6291
,"2016-05-27",4.6366,0.3781,0.5133,0.2635,12.5676
,"2016-05-28",1.1234,0.3773,0.5127,0.2629,12.5671
,"2016-05-29",0.01,0.3768,0.5124,0.2626,12.546
"Sottoarea_105","2016-05-20",9.1944,0.5977,0.8407,0.7068,11.479
,"2016-05-21",2.2413,0.5918,0.8264,0.6829,11.479
,"2016-05-22",0.1903,0.59,0.8245,0.6798,11.4715
,"2016-05-23",9.4035,0.5889,0.8237,0.6785,11.2466
,"2016-05-24",7.977,0.5886,0.8239,0.6787,11.2466
,"2016-05-25",8.4912,0.5894,0.8246,0.68,11.2653
,"2016-05-26",8.2861,0.5846,0.8146,0.6635,11.2653
,"2016-05-27",8.912,0.5846,0.815,0.6642,11.2737
,"2016-05-28",1.8523,0.5844,0.8153,0.6646,11.2841
,"2016-05-29",0.2935,0.5834,0.8145,0.6635,11.2865
"Sottoarea_106","2016-05-20",9.0157,0.6068,0.8763,0.7678,11.8226
,"2016-05-21",2.7582,0.6048,0.8741,0.7641,11.8226
,"2016-05-22",0.7945,0.604,0.8739,0.7637,11.8175
,"2016-05-23",8.9441,0.6041,0.8744,0.7646,11.8175
,"2016-05-24",8.5061,0.6051,0.8753,0.7661,11.8175
,"2016-05-25",8.6327,0.6039,0.8745,0.7648,11.7534
,"2016-05-26",8.9966,0.6002,0.8685,0.7543,11.7534
,"2016-05-27",9.4523,0.6006,0.8692,0.7555,11.7569
,"2016-05-28",3.8285,0.6007,0.8697,0.7563,11.7578
,"2016-05-29",0.313,0.5981,0.8664,0.7507,11.7454
"Sottoarea_107","2016-05-20",2.3926,0.2546,0.3508,0.1231,13.2633
,"2016-05-21",0.7017,0.2538,0.3499,0.1225,13.2633
,"2016-05-22",0.0588,0.2539,0.3502,0.1226,13.2482
,"2016-05-23",2.6392,0.254,0.3504,0.1228,13.2482
,"2016-05-24",2.3043,0.2546,0.3508,0.123,13.2482
,"2016-05-25",2.6302,0.2549,0.3511,0.1233,13.2728
,"2016-05-26",2.2466,0.2537,0.3494,0.1221,13.2728
,"2016-05-27",2.6025,0.2538,0.3496,0.1222,13.2782
,"2016-05-28",0.75,0.2541,0.35,0.1225,13.3024
,"2016-05-29",0.0762,0.2534,0.3492,0.1219,13.2822
"Sottoarea_108","2016-05-20",4.3067,0.3949,0.5482,0.3005,11.2884
,"2016-05-21",1.5277,0.3922,0.5433,0.2951,10.915
,"2016-05-22",0.0562,0.3919,0.5433,0.2951,10.9149
,"2016-05-23",4.002,0.3918,0.5435,0.2954,10.8459
,"2016-05-24",4.7053,0.392,0.5439,0.2958,10.8459
,"2016-05-25",6.6009,0.3925,0.5444,0.2963,10.8619
,"2016-05-26",4.6331,0.3898,0.5394,0.2909,10.8619
,"2016-05-27",5.038,0.3898,0.5396,0.2912,10.8641
,"2016-05-28",0.7334,0.3898,0.5399,0.2914,10.8757
,"2016-05-29",0.1098,0.389,0.5393,0.2908,10.8402
"Sottoarea_109","2016-05-20",7.2652,0.5857,0.8263,0.6827,12.1081
,"2016-05-21",1.9702,0.5793,0.8093,0.6549,11.2976
,"2016-05-22",0.1375,0.5795,0.8098,0.6558,11.3097
,"2016-05-23",8.2126,0.5795,0.8102,0.6564,11.2051
,"2016-05-24",7.0768,0.58,0.8109,0.6575,11.2051
,"2016-05-25",8.3204,0.579,0.8103,0.6566,11.1837
,"2016-05-26",6.1384,0.5737,0.798,0.6368,11.1837
,"2016-05-27",7.3644,0.5738,0.7985,0.6375,11.1915
,"2016-05-28",1.4466,0.5744,0.7992,0.6387,11.2111
,"2016-05-29",0.0967,0.5746,0.7997,0.6395,11.22
"Sottoarea_11","2016-05-20",5.0593,0.4313,0.7811,0.6101,11.1546
,"2016-05-21",1.2056,0.4287,0.7781,0.6055,11.1546
,"2016-05-22",0.063,0.4295,0.7789,0.6067,11.1754
,"2016-05-23",6.2191,0.4293,0.7793,0.6074,11.1754
,"2016-05-24",5.2692,0.4296,0.78,0.6084,11.1754
,"2016-05-25",6.0043,0.4303,0.7808,0.6096,11.196
,"2016-05-26",5.3815,0.4281,0.7785,0.6061,11.196
,"2016-05-27",5.5119,0.4287,0.7793,0.6073,11.2183
,"2016-05-28",1.2757,0.4286,0.7798,0.608,11.2248
,"2016-05-29",0.0435,0.4278,0.7796,0.6078,11.2227
"Sottoarea_110","2016-05-20",3.2235,0.2885,0.3903,0.1523,11.1476
,"2016-05-21",1.1181,0.2873,0.3888,0.1512,10.9709
,"2016-05-22",0.0033,0.2876,0.3891,0.1514,10.9848
,"2016-05-23",3.5733,0.2874,0.3891,0.1514,10.9848
,"2016-05-24",3.2817,0.2872,0.3891,0.1514,10.9848
,"2016-05-25",3.6271,0.2877,0.3895,0.1517,11.0075
,"2016-05-26",2.3642,0.2855,0.3851,0.1483,11.0075
,"2016-05-27",3.0422,0.2858,0.3854,0.1485,11.0233
,"2016-05-28",0.9165,0.2858,0.3856,0.1487,11.0332
,"2016-05-29",0.0033,0.2858,0.3858,0.1488,11.0422
"Sottoarea_111","2016-05-20",12.4349,0.7539,1.09,1.1882,13.8862
,"2016-05-21",4.8367,0.7484,1.0799,1.1661,13.1899
,"2016-05-22",0.46,0.7489,1.0807,1.1679,13.2065
,"2016-05-23",8.8759,0.7493,1.0815,1.1696,13.1756
,"2016-05-24",11.7458,0.7494,1.0821,1.171,13.1756
,"2016-05-25",13.068,0.7494,1.0827,1.1721,13.1851
,"2016-05-26",9.8012,0.7427,1.0682,1.141,13.1851
,"2016-05-27",11.8512,0.7424,1.0686,1.1418,13.1927
,"2016-05-28",2.9462,0.7405,1.0669,1.1384,13.1981
,"2016-05-29",0.3028,0.7396,1.0667,1.1378,13.1981
"Sottoarea_112","2016-05-20",5.5788,0.4405,0.6033,0.364,12.5069
,"2016-05-21",1.3935,0.4384,0.6003,0.3603,12.1951
,"2016-05-22",0.0267,0.439,0.6008,0.361,12.214
,"2016-05-23",4.2875,0.4393,0.6013,0.3616,12.183
,"2016-05-24",6.2756,0.4399,0.6019,0.3622,12.183
,"2016-05-25",6.0841,0.4388,0.6009,0.3611,12.1369
,"2016-05-26",4.7811,0.4366,0.5974,0.3569,12.1369
,"2016-05-27",5.1196,0.4371,0.5979,0.3575,12.1573
,"2016-05-28",0.9867,0.4374,0.5984,0.3581,12.1724
,"2016-05-29",0.0066,0.4381,0.599,0.3588,12.1956
"Sottoarea_113","2016-05-20",9.1867,0.7019,1.0069,1.0138,13.2662
,"2016-05-21",2.4998,0.6941,0.9867,0.9736,12.2987
,"2016-05-22",0.0633,0.6917,0.9841,0.9685,12.2882
,"2016-05-23",8.9256,0.6913,0.9842,0.9687,12.1164
,"2016-05-24",8.737,0.6924,0.9852,0.9706,12.1164
,"2016-05-25",9.833,0.6915,0.9849,0.9699,12.0803
,"2016-05-26",7.6598,0.686,0.9737,0.9481,12.0803
,"2016-05-27",8.4279,0.6869,0.9746,0.9499,12.1002
,"2016-05-28",1.6275,0.6877,0.9755,0.9517,12.1223
,"2016-05-29",0.0765,0.6883,0.9763,0.9533,12.1392
"Sottoarea_114","2016-05-20",12.2607,0.9675,1.3746,1.8895,15.7241
,"2016-05-21",3.6903,0.959,1.3562,1.8394,15.1986
,"2016-05-22",0.5938,0.9605,1.3576,1.8429,15.227
,"2016-05-23",14.9933,0.9598,1.3577,1.8433,14.9809
,"2016-05-24",12.9266,0.9601,1.3585,1.8456,14.9809
,"2016-05-25",14.2886,0.9608,1.3596,1.8485,15.0021
,"2016-05-26",11.591,0.9525,1.3417,1.8001,15.0021
,"2016-05-27",12.2673,0.9532,1.3427,1.8029,15.0233
,"2016-05-28",2.6703,0.954,1.3439,1.806,15.048
,"2016-05-29",0.2171,0.9525,1.343,1.8038,15.0397
"Sottoarea_115","2016-05-20",0.7987,0.0883,0.1583,0.025,6.8739
,"2016-05-21",0.0117,0.0874,0.1567,0.0246,6.8739
,"2016-05-22",0.0,0.0864,0.1545,0.0239,6.7941
,"2016-05-23",0.7018,0.0864,0.1546,0.0239,6.7941
,"2016-05-24",0.9803,0.0866,0.1547,0.0239,6.7941
,"2016-05-25",0.6252,0.0863,0.1545,0.0239,6.7941
,"2016-05-26",0.1774,0.0858,0.154,0.0237,6.7941
,"2016-05-27",0.6754,0.0858,0.1541,0.0238,6.7876
,"2016-05-28",0.0,0.0851,0.1531,0.0234,6.7398
,"2016-05-29",0.0,0.0853,0.1533,0.0235,6.7607
"Sottoarea_116","2016-05-20",4.281,0.3022,0.4252,0.1808,11.1602
,"2016-05-21",1.0969,0.3001,0.4213,0.1775,11.1602
,"2016-05-22",0.1232,0.3003,0.4216,0.1777,11.1639
,"2016-05-23",4.1146,0.3002,0.4217,0.1778,11.1639
,"2016-05-24",3.973,0.3007,0.4221,0.1782,11.1639
,"2016-05-25",4.6974,0.3004,0.4221,0.1781,11.1368
,"2016-05-26",3.8349,0.2993,0.4207,0.177,10.9578
,"2016-05-27",4.2597,0.2996,0.4211,0.1773,10.9773
,"2016-05-28",0.9783,0.2999,0.4215,0.1777,10.9909
,"2016-05-29",0.1883,0.3005,0.4219,0.178,11.0157
"Sottoarea_117","2016-05-20",1.3326,0.0915,0.1551,0.024,7.3928
,"2016-05-21",0.0956,0.091,0.1544,0.0238,7.3928
,"2016-05-22",0.0067,0.0904,0.1535,0.0236,7.3928
,"2016-05-23",0.2738,0.0905,0.1536,0.0236,7.3928
,"2016-05-24",1.0033,0.0906,0.1538,0.0237,7.3928
,"2016-05-25",1.0214,0.0908,0.1539,0.0237,7.4108
,"2016-05-26",1.0566,0.0902,0.1532,0.0235,7.4108
,"2016-05-27",1.448,0.0904,0.1534,0.0235,7.4272
,"2016-05-28",0.045,0.0904,0.1535,0.0236,7.4223
,"2016-05-29",-0.0,0.0904,0.1536,0.0236,7.4236
"Sottoarea_118","2016-05-20",4.7149,0.3314,0.4533,0.2055,11.5344
,"2016-05-21",0.9425,0.3293,0.4495,0.202,11.5344
,"2016-05-22",0.2064,0.3287,0.4491,0.2017,11.42
,"2016-05-23",2.9197,0.329,0.4495,0.202,11.4086
,"2016-05-24",4.5963,0.3296,0.4499,0.2024,11.4086
,"2016-05-25",4.4344,0.3299,0.4503,0.2028,11.4139
,"2016-05-26",4.6733,0.3283,0.448,0.2007,11.4139
,"2016-05-27",4.8007,0.3285,0.4483,0.201,11.4205
,"2016-05-28",0.9866,0.3288,0.4487,0.2013,11.4367
,"2016-05-29",0.2639,0.3295,0.4491,0.2017,11.4631
"Sottoarea_119","2016-05-20",0.9045,0.1053,0.1723,0.0297,8.3386
,"2016-05-21",0.2243,0.1048,0.1718,0.0295,8.3386
,"2016-05-22",0.0067,0.105,0.172,0.0296,8.36
,"2016-05-23",0.6286,0.1051,0.1721,0.0296,8.36
,"2016-05-24",1.0183,0.1053,0.1723,0.0297,8.36
,"2016-05-25",1.5024,0.1053,0.1724,0.0297,8.3658
,"2016-05-26",1.02,0.1048,0.1718,0.0295,8.3658
,"2016-05-27",1.0057,0.105,0.172,0.0296,8.3904
,"2016-05-28",0.1083,0.1051,0.1721,0.0296,8.3933
,"2016-05-29",2.0E-4,0.1052,0.1723,0.0297,8.4031
"Sottoarea_12","2016-05-20",3.858,0.3633,0.5256,0.2762,11.8134
,"2016-05-21",0.9326,0.3613,0.5227,0.2732,11.8134
,"2016-05-22",0.04,0.3612,0.5229,0.2734,11.8082
,"2016-05-23",3.7213,0.3617,0.5234,0.2739,11.8101
,"2016-05-24",3.8183,0.3619,0.5237,0.2743,11.8101
,"2016-05-25",3.5921,0.3619,0.5241,0.2746,11.7987
,"2016-05-26",3.9905,0.3604,0.5222,0.2727,11.7987
,"2016-05-27",3.9545,0.3593,0.5211,0.2715,11.7183
,"2016-05-28",0.7624,0.3578,0.5192,0.2696,11.7085
,"2016-05-29",0.07,0.3582,0.5197,0.2701,11.7265
"Sottoarea_120","2016-05-20",10.2702,0.6304,0.8656,0.7492,12.8843
,"2016-05-21",2.2206,0.6246,0.8518,0.7255,12.8843
,"2016-05-22",0.5402,0.6234,0.8509,0.7241,12.8606
,"2016-05-23",6.7108,0.6231,0.851,0.7242,12.8012
,"2016-05-24",9.6435,0.6241,0.8519,0.7257,12.8012
,"2016-05-25",10.0873,0.6231,0.8512,0.7246,12.7683
,"2016-05-26",8.6658,0.6185,0.842,0.7089,12.1644
,"2016-05-27",9.2285,0.6185,0.8423,0.7095,12.1753
,"2016-05-28",2.5159,0.6191,0.843,0.7107,12.1954
,"2016-05-29",0.4898,0.6202,0.8439,0.7122,12.2202
"Sottoarea_121","2016-05-20",8.4258,0.7838,1.0966,1.2024,15.6548
,"2016-05-21",3.0424,0.7791,1.0886,1.185,15.6548
,"2016-05-22",0.7734,0.7797,1.0894,1.1869,15.6636
,"2016-05-23",9.1224,0.7798,1.0901,1.1882,15.6197
,"2016-05-24",9.3845,0.7799,1.0906,1.1894,15.6197
,"2016-05-25",8.4851,0.7804,1.0914,1.1913,15.6368
,"2016-05-26",7.2704,0.7778,1.0886,1.1851,15.2255
,"2016-05-27",9.4848,0.7761,1.0873,1.1822,15.1421
,"2016-05-28",2.3896,0.7775,1.0884,1.1845,15.1712
,"2016-05-29",0.7034,0.7785,1.0894,1.1868,15.1957
"Sottoarea_122","2016-05-20",3.1983,0.3319,0.4343,0.1886,14.1463
,"2016-05-21",0.9649,0.3301,0.4312,0.1859,14.1463
,"2016-05-22",0.3097,0.3292,0.4303,0.1851,14.0013
,"2016-05-23",2.7179,0.3295,0.4306,0.1854,13.9905
,"2016-05-24",4.3416,0.33,0.431,0.1858,13.9905
,"2016-05-25",3.8296,0.3303,0.4314,0.1861,14.0093
,"2016-05-26",2.6566,0.3287,0.429,0.184,14.0093
,"2016-05-27",4.0494,0.3283,0.4288,0.1838,13.9798
,"2016-05-28",0.9559,0.3277,0.4283,0.1834,13.939
,"2016-05-29",0.1708,0.327,0.4276,0.1828,13.8911
"Sottoarea_123","2016-05-20",4.4032,0.3224,0.448,0.2007,9.9148
,"2016-05-21",1.104,0.32,0.4433,0.1965,9.9148
,"2016-05-22",0.0599,0.3205,0.4437,0.1969,9.934
,"2016-05-23",2.5655,0.3201,0.4435,0.1967,9.934
,"2016-05-24",4.1247,0.3207,0.444,0.1971,9.934
,"2016-05-25",4.1903,0.321,0.4444,0.1975,9.945
,"2016-05-26",4.5633,0.3183,0.4385,0.1923,9.945
,"2016-05-27",4.7931,0.3181,0.4385,0.1923,9.9433
,"2016-05-28",1.3011,0.3173,0.4378,0.1917,9.9394
,"2016-05-29",0.0367,0.3167,0.4374,0.1913,9.9388
"Sottoarea_124","2016-05-20",6.8524,0.4605,0.6448,0.4158,11.0032
,"2016-05-21",2.4577,0.4561,0.6342,0.4022,11.0032
,"2016-05-22",0.3588,0.4554,0.6338,0.4017,11.0016
,"2016-05-23",6.0739,0.4562,0.6344,0.4025,11.0136
,"2016-05-24",6.7008,0.4569,0.635,0.4033,11.0136
,"2016-05-25",6.674,0.4577,0.6357,0.4041,11.0349
,"2016-05-26",6.3435,0.454,0.628,0.3943,11.0349
,"2016-05-27",7.2265,0.4535,0.6279,0.3942,11.0406
,"2016-05-28",2.7833,0.454,0.6284,0.3949,11.0578
,"2016-05-29",0.1467,0.4547,0.629,0.3957,11.0793
"Sottoarea_125","2016-05-20",8.1602,0.4681,0.6749,0.4555,10.6903
,"2016-05-21",2.4099,0.4633,0.6634,0.4401,10.6903
,"2016-05-22",0.9879,0.4621,0.6622,0.4386,10.6839
,"2016-05-23",7.1048,0.4618,0.6623,0.4387,10.6839
,"2016-05-24",7.6119,0.4623,0.6629,0.4395,10.6839
,"2016-05-25",7.5031,0.4632,0.6636,0.4403,10.7063
,"2016-05-26",6.9489,0.4591,0.655,0.429,10.7063
,"2016-05-27",8.2941,0.4595,0.6556,0.4298,10.7225
,"2016-05-28",2.6749,0.4588,0.6551,0.4292,10.7231
,"2016-05-29",0.9366,0.4583,0.6551,0.4291,10.7248
"Sottoarea_126","2016-05-20",5.5836,0.414,0.58,0.3363,10.8542
,"2016-05-21",1.211,0.4117,0.5762,0.332,10.8542
,"2016-05-22",0.14,0.4124,0.5768,0.3327,10.8767
,"2016-05-23",3.9864,0.4126,0.5772,0.3331,10.8767
,"2016-05-24",5.4282,0.4134,0.5777,0.3338,10.8767
,"2016-05-25",5.6806,0.4136,0.5781,0.3342,10.8812
,"2016-05-26",4.7571,0.4105,0.5722,0.3274,10.8812
,"2016-05-27",5.5864,0.4108,0.5727,0.328,10.8962
,"2016-05-28",2.0828,0.4107,0.5728,0.3281,10.9051
,"2016-05-29",0.0732,0.4112,0.5734,0.3288,10.9232
"Sottoarea_127","2016-05-20",7.9399,0.4926,0.6896,0.4755,10.3222
,"2016-05-21",2.3018,0.4887,0.6815,0.4644,10.3222
,"2016-05-22",0.3365,0.4882,0.6813,0.4642,10.3213
,"2016-05-23",8.3922,0.4879,0.6814,0.4644,10.3213
,"2016-05-24",7.0682,0.4887,0.6821,0.4653,10.3213
,"2016-05-25",6.885,0.4878,0.6816,0.4645,10.2942
,"2016-05-26",7.0809,0.4837,0.6726,0.4524,10.2942
,"2016-05-27",8.0003,0.4842,0.6732,0.4532,10.31
,"2016-05-28",1.9195,0.4836,0.673,0.4529,10.3157
,"2016-05-29",0.3867,0.4845,0.6736,0.4538,10.3363
"Sottoarea_128","2016-05-20",1.88,0.1667,0.2198,0.0483,13.6057
,"2016-05-21",0.5767,0.1662,0.2193,0.0481,13.6057
,"2016-05-22",0.0533,0.1663,0.2194,0.0481,13.6076
,"2016-05-23",1.4097,0.1664,0.2196,0.0482,13.6076
,"2016-05-24",1.6215,0.1668,0.2198,0.0483,13.6076
,"2016-05-25",1.2269,0.167,0.22,0.0484,13.6308
,"2016-05-26",1.7866,0.1662,0.2188,0.0479,13.6308
,"2016-05-27",1.7508,0.166,0.2188,0.0479,13.633
,"2016-05-28",0.4766,0.1661,0.2189,0.0479,13.6393
,"2016-05-29",0.0467,0.1664,0.2191,0.048,13.6738
"Sottoarea_129","2016-05-20",8.4812,0.6636,0.9481,0.8989,11.7746
,"2016-05-21",2.0161,0.6556,0.9256,0.8568,11.7746
,"2016-05-22",0.1367,0.6556,0.9261,0.8576,11.7846
,"2016-05-23",9.7875,0.6555,0.9265,0.8584,11.7808
,"2016-05-24",8.6108,0.6554,0.9269,0.8591,11.7808
,"2016-05-25",10.0376,0.6567,0.9278,0.8608,11.8064
,"2016-05-26",7.7655,0.6516,0.9177,0.8421,11.8064
,"2016-05-27",11.2078,0.652,0.9184,0.8434,11.8208
,"2016-05-28",1.2151,0.6524,0.9191,0.8447,11.8373
,"2016-05-29",0.0897,0.6513,0.9184,0.8435,11.8304
"Sottoarea_13","2016-05-20",10.8672,0.7474,1.0523,1.1073,14.6062
,"2016-05-21",1.8479,0.74,1.0344,1.0699,14.6062
,"2016-05-22",0.0471,0.7414,1.0354,1.072,14.639
,"2016-05-23",9.2943,0.7417,1.036,1.0734,14.6018
,"2016-05-24",10.7201,0.7429,1.0371,1.0755,14.6018
,"2016-05-25",11.5834,0.7433,1.0378,1.077,14.6135
,"2016-05-26",10.8572,0.739,1.0307,1.0623,13.98
,"2016-05-27",10.1463,0.734,1.0217,1.0439,13.7667
,"2016-05-28",2.2221,0.7333,1.0216,1.0436,13.767
,"2016-05-29",0.0606,0.7324,1.0212,1.0428,13.7591
"Sottoarea_130","2016-05-20",9.3764,0.5609,0.8253,0.6812,11.2754
,"2016-05-21",2.0715,0.5553,0.8122,0.6597,11.2754
,"2016-05-22",0.4,0.5551,0.8126,0.6602,11.2833
,"2016-05-23",7.5582,0.5561,0.8133,0.6615,11.3005
,"2016-05-24",8.8263,0.5568,0.8141,0.6628,11.3005
,"2016-05-25",8.5927,0.5562,0.814,0.6627,11.302
,"2016-05-26",7.1716,0.5519,0.8058,0.6493,11.302
,"2016-05-27",9.3032,0.5525,0.8065,0.6505,11.3208
,"2016-05-28",2.1401,0.5518,0.8063,0.6502,11.3237
,"2016-05-29",0.2368,0.5503,0.8049,0.6479,11.2998
"Sottoarea_131","2016-05-20",9.0098,0.5298,0.7443,0.554,11.1891
,"2016-05-21",1.7143,0.5262,0.7376,0.5441,11.1891
,"2016-05-22",0.4731,0.5244,0.7356,0.5411,11.1745
,"2016-05-23",6.9009,0.5242,0.7358,0.5413,11.0537
,"2016-05-24",8.8109,0.5243,0.7362,0.542,11.0537
,"2016-05-25",8.7347,0.5243,0.7366,0.5425,11.0607
,"2016-05-26",7.7219,0.5196,0.726,0.527,11.0607
,"2016-05-27",9.2443,0.5196,0.7263,0.5276,11.0711
,"2016-05-28",2.1289,0.5189,0.7261,0.5272,11.0723
,"2016-05-29",0.3376,0.5193,0.7266,0.528,11.0855
"Sottoarea_132","2016-05-20",6.4456,0.4616,0.6397,0.4092,11.8874
,"2016-05-21",2.0419,0.4565,0.626,0.3918,11.8874
,"2016-05-22",0.1622,0.4569,0.6265,0.3925,11.9029
,"2016-05-23",3.5795,0.4574,0.627,0.3932,11.8817
,"2016-05-24",6.6461,0.4578,0.6276,0.3938,11.8817
,"2016-05-25",7.0098,0.4573,0.6274,0.3936,11.8272
,"2016-05-26",5.5457,0.4546,0.6229,0.388,11.8272
,"2016-05-27",5.1622,0.4532,0.6213,0.386,11.7653
,"2016-05-28",1.735,0.4528,0.6212,0.3859,11.7735
,"2016-05-29",0.0669,0.4518,0.6204,0.3849,11.7461
"Sottoarea_133","2016-05-20",9.0862,0.6013,0.8302,0.6892,11.6892
,"2016-05-21",1.9875,0.5947,0.8124,0.6599,11.6892
,"2016-05-22",0.0433,0.5952,0.813,0.661,11.7026
,"2016-05-23",5.4787,0.5953,0.8135,0.6617,11.6091
,"2016-05-24",8.4812,0.5957,0.8141,0.6628,11.6091
,"2016-05-25",8.8143,0.595,0.8137,0.6622,11.5618
,"2016-05-26",8.959,0.5904,0.8042,0.6468,11.5618
,"2016-05-27",7.2148,0.5906,0.8048,0.6477,11.5733
,"2016-05-28",1.42,0.5892,0.8035,0.6456,11.5729
,"2016-05-29",0.0067,0.5891,0.8038,0.6461,11.578
"Sottoarea_134","2016-05-20",1.9085,0.1965,0.278,0.0773,13.0806
,"2016-05-21",0.4462,0.1955,0.2766,0.0765,13.0806
,"2016-05-22",0.0047,0.1953,0.2766,0.0765,13.074
,"2016-05-23",1.6944,0.1954,0.2768,0.0766,13.074
,"2016-05-24",1.9354,0.1956,0.277,0.0767,13.074
,"2016-05-25",1.9399,0.1955,0.2771,0.0768,13.0453
,"2016-05-26",1.6178,0.1947,0.2761,0.0762,13.0453
,"2016-05-27",2.2295,0.1946,0.2762,0.0763,13.0159
,"2016-05-28",0.681,0.194,0.2755,0.0759,13.0057
,"2016-05-29",0.0133,0.1936,0.2753,0.0758,12.9463
"Sottoarea_135","2016-05-20",8.2334,0.5179,0.7348,0.5399,10.3299
,"2016-05-21",1.9327,0.5143,0.7284,0.5305,10.3299
,"2016-05-22",0.4467,0.5151,0.7291,0.5315,10.3469
,"2016-05-23",7.748,0.516,0.7298,0.5326,10.3498
,"2016-05-24",7.8371,0.5154,0.7297,0.5324,10.3498
,"2016-05-25",7.7854,0.5136,0.7276,0.5294,10.3374
,"2016-05-26",8.4139,0.5102,0.7215,0.5205,10.3374
,"2016-05-27",7.5517,0.5111,0.7222,0.5215,10.3587
,"2016-05-28",1.5018,0.5084,0.7181,0.5157,10.3473
,"2016-05-29",0.07,0.5093,0.7188,0.5167,10.3694
"Sottoarea_136","2016-05-20",2.1702,0.2005,0.2855,0.0815,13.0269
,"2016-05-21",0.4833,0.1993,0.2835,0.0804,13.0269
,"2016-05-22",0.0067,0.1995,0.2837,0.0805,13.0457
,"2016-05-23",2.14,0.1998,0.284,0.0807,13.0457
,"2016-05-24",1.8834,0.2002,0.2843,0.0808,13.0457
,"2016-05-25",2.0009,0.2003,0.2845,0.0809,13.042
,"2016-05-26",1.9933,0.1996,0.2837,0.0805,13.042
,"2016-05-27",1.8456,0.1993,0.2836,0.0805,12.9901
,"2016-05-28",0.5618,0.1988,0.2831,0.0801,12.9822
,"2016-05-29",0.0067,0.1991,0.2834,0.0803,13.0111
"Sottoarea_137","2016-05-20",5.4751,0.3137,0.4348,0.189,10.3973
,"2016-05-21",1.2937,0.3118,0.4315,0.1862,10.3973
,"2016-05-22",0.1153,0.3119,0.4318,0.1865,10.4039
,"2016-05-23",3.0081,0.3124,0.4322,0.1868,10.4103
,"2016-05-24",6.3832,0.3129,0.4326,0.1872,10.4103
,"2016-05-25",4.5378,0.3124,0.4323,0.1869,10.4085
,"2016-05-26",4.2147,0.3105,0.4293,0.1843,10.4085
,"2016-05-27",5.0954,0.3094,0.4279,0.1831,10.3917
,"2016-05-28",1.3264,0.3088,0.4275,0.1827,10.3435
,"2016-05-29",0.2684,0.3068,0.4239,0.1797,10.3237
"Sottoarea_138","2016-05-20",3.9968,0.2711,0.3786,0.1433,9.6411
,"2016-05-21",0.9391,0.2697,0.3762,0.1415,9.6411
,"2016-05-22",0.0034,0.2697,0.3765,0.1417,9.6456
,"2016-05-23",4.3706,0.2694,0.3764,0.1416,9.6182
,"2016-05-24",3.4333,0.27,0.3767,0.1419,9.6182
,"2016-05-25",4.6111,0.2704,0.3771,0.1422,9.6361
,"2016-05-26",2.957,0.2686,0.374,0.1399,9.6361
,"2016-05-27",3.9604,0.2687,0.3742,0.14,9.6411
,"2016-05-28",0.6477,0.2683,0.374,0.1399,9.6087
,"2016-05-29",0.0167,0.2675,0.3732,0.1393,9.5998
"Sottoarea_139","2016-05-20",6.78,0.4893,0.6943,0.482,10.6542
,"2016-05-21",1.8754,0.4843,0.6819,0.465,10.6542
,"2016-05-22",0.1991,0.4832,0.681,0.4637,10.6517
,"2016-05-23",5.9853,0.483,0.6812,0.464,10.5462
,"2016-05-24",6.9136,0.4838,0.6818,0.4649,10.5462
,"2016-05-25",7.258,0.4841,0.6824,0.4657,10.5584
,"2016-05-26",6.7991,0.4799,0.6734,0.4535,10.5584
,"2016-05-27",7.6128,0.4791,0.6729,0.4528,10.5415
,"2016-05-28",0.964,0.4776,0.6713,0.4506,10.5399
,"2016-05-29",0.183,0.4775,0.6715,0.4509,10.5507
"Sottoarea_14","2016-05-20",3.0558,0.2246,0.3477,0.1209,14.4949
,"2016-05-21",0.2304,0.2236,0.3463,0.1199,14.4949
,"2016-05-22",0.0282,0.2237,0.3466,0.1201,14.5133
,"2016-05-23",2.4052,0.2239,0.3469,0.1204,14.5256
,"2016-05-24",2.6049,0.224,0.3472,0.1205,14.5256
,"2016-05-25",2.055,0.2242,0.3475,0.1207,14.5284
,"2016-05-26",1.6129,0.2233,0.3466,0.1201,14.5284
,"2016-05-27",2.8002,0.2222,0.3452,0.1192,14.5284
,"2016-05-28",0.4289,0.222,0.3452,0.1192,14.4783
,"2016-05-29",0.0061,0.2217,0.3451,0.1191,14.412
"Sottoarea_140","2016-05-20",8.8394,0.5183,0.7385,0.5453,9.5791
,"2016-05-21",2.9166,0.5123,0.7221,0.5214,9.5791
,"2016-05-22",0.2016,0.513,0.7228,0.5224,9.596
,"2016-05-23",4.0997,0.5131,0.7232,0.523,9.596
,"2016-05-24",8.6085,0.5139,0.7239,0.524,9.596
,"2016-05-25",9.3224,0.5144,0.7245,0.525,9.6086
,"2016-05-26",8.292,0.5104,0.7163,0.5131,9.6086
,"2016-05-27",8.6197,0.5111,0.717,0.5141,9.6255
,"2016-05-28",2.4916,0.5104,0.7166,0.5135,9.6271
,"2016-05-29",0.1695,0.5095,0.7162,0.5129,9.6314
"Sottoarea_141","2016-05-20",4.0602,0.2474,0.3209,0.103,10.9991
,"2016-05-21",0.9397,0.2453,0.3159,0.0998,10.9991
,"2016-05-22",0.2176,0.2456,0.3162,0.1,11.0162
,"2016-05-23",2.3159,0.2461,0.3165,0.1002,11.0331
,"2016-05-24",4.2838,0.2465,0.3169,0.1004,11.0331
,"2016-05-25",3.8526,0.2466,0.317,0.1005,11.0335
,"2016-05-26",2.9548,0.245,0.314,0.0986,11.0335
,"2016-05-27",3.962,0.244,0.3125,0.0976,11.0149
,"2016-05-28",0.5833,0.2441,0.3126,0.0977,11.0162
,"2016-05-29",0.0477,0.2437,0.3124,0.0976,11.0105
"Sottoarea_142","2016-05-20",6.6977,0.4392,0.611,0.3734,10.7047
,"2016-05-21",2.2705,0.4352,0.6017,0.362,10.7047
,"2016-05-22",0.5677,0.4357,0.6022,0.3627,10.7181
,"2016-05-23",4.6224,0.4363,0.6028,0.3634,10.7327
,"2016-05-24",6.7767,0.4367,0.6033,0.364,10.7327
,"2016-05-25",7.2106,0.4374,0.6039,0.3647,10.7521
,"2016-05-26",5.8299,0.4342,0.5974,0.3569,10.7521
,"2016-05-27",6.586,0.4342,0.5977,0.3573,10.763
,"2016-05-28",1.4341,0.4343,0.5981,0.3577,10.7686
,"2016-05-29",0.128,0.4344,0.5984,0.3581,10.7786
"Sottoarea_143","2016-05-20",3.003,0.2426,0.3372,0.1137,10.9389
,"2016-05-21",0.8068,0.2407,0.3335,0.1112,10.9389
,"2016-05-22",0.1228,0.2406,0.3336,0.1113,10.9301
,"2016-05-23",3.4007,0.241,0.3339,0.1115,10.9483
,"2016-05-24",2.3944,0.2414,0.3342,0.1117,10.9483
,"2016-05-25",3.2378,0.2416,0.3345,0.1119,10.9534
,"2016-05-26",2.8897,0.2398,0.3308,0.1094,10.9534
,"2016-05-27",2.8655,0.2399,0.3311,0.1096,10.9601
,"2016-05-28",0.5583,0.2402,0.3314,0.1098,10.9649
,"2016-05-29",0.0461,0.2397,0.3309,0.1095,10.8706
"Sottoarea_144","2016-05-20",19.2999,0.8302,1.3212,1.7456,13.1422
,"2016-05-21",4.8145,0.8241,1.3109,1.7184,13.1422
,"2016-05-22",1.544,0.8242,1.3117,1.7206,13.1516
,"2016-05-23",16.7101,0.8233,1.3119,1.721,13.0485
,"2016-05-24",19.9207,0.824,1.313,1.7239,13.0485
,"2016-05-25",17.9722,0.8217,1.3114,1.7198,13.0469
,"2016-05-26",11.5612,0.8161,1.3025,1.6966,13.0469
,"2016-05-27",18.6254,0.8174,1.3038,1.7,13.0716
,"2016-05-28",4.7434,0.8172,1.3045,1.7017,13.0776
,"2016-05-29",2.6379,0.8179,1.3056,1.7046,13.0936
"Sottoarea_145","2016-05-20",9.1216,0.65,0.9182,0.8431,11.4244
,"2016-05-21",2.743,0.6425,0.8976,0.8057,11.4244
,"2016-05-22",0.6885,0.6431,0.8984,0.8071,11.4379
,"2016-05-23",8.7557,0.6443,0.8993,0.8087,11.4566
,"2016-05-24",8.5805,0.6452,0.9001,0.8102,11.4566
,"2016-05-25",8.4507,0.6464,0.901,0.8118,11.48
,"2016-05-26",7.6142,0.6409,0.8892,0.7907,11.48
,"2016-05-27",9.4305,0.6394,0.8879,0.7884,11.4817
,"2016-05-28",2.442,0.6353,0.8804,0.7751,11.472
,"2016-05-29",0.3,0.6354,0.8809,0.7761,11.4818
"Sottoarea_15","2016-05-20",2.9583,0.2108,0.2942,0.0866,13.5574
,"2016-05-21",0.65,0.21,0.2933,0.086,13.5574
,"2016-05-22",0.0956,0.2104,0.2936,0.0862,13.5902
,"2016-05-23",2.265,0.2103,0.2936,0.0862,13.5902
,"2016-05-24",2.154,0.2107,0.2939,0.0864,13.5902
,"2016-05-25",2.3115,0.2103,0.2937,0.0862,13.5723
,"2016-05-26",2.5223,0.2095,0.2926,0.0856,13.5723
,"2016-05-27",2.7264,0.2093,0.2926,0.0856,13.5648
,"2016-05-28",0.7112,0.2093,0.2928,0.0857,13.5784
,"2016-05-29",0.0263,0.2097,0.2931,0.0859,13.6074
"Sottoarea_16","2016-05-20",7.9667,0.581,0.8088,0.6542,14.7222
,"2016-05-21",1.5002,0.5766,0.8001,0.6401,14.7222
,"2016-05-22",0.0984,0.5766,0.8004,0.6407,14.6842
,"2016-05-23",5.43,0.5768,0.801,0.6416,14.6842
,"2016-05-24",7.3701,0.578,0.8018,0.6428,14.6842
,"2016-05-25",8.2981,0.5772,0.8014,0.6422,14.6863
,"2016-05-26",7.2339,0.574,0.7964,0.6342,14.6863
,"2016-05-27",6.228,0.5733,0.7961,0.6337,14.6655
,"2016-05-28",0.86,0.5727,0.7959,0.6335,14.6749
,"2016-05-29",0.0599,0.5722,0.7959,0.6335,14.6826
"Sottoarea_17","2016-05-20",0.5018,0.0958,0.1607,0.0258,7.4216
,"2016-05-21",0.6381,0.0955,0.1605,0.0257,7.4216
,"2016-05-22",0.0134,0.0953,0.1604,0.0257,7.3849
,"2016-05-23",0.8739,0.0955,0.1606,0.0258,7.3849
,"2016-05-24",0.985,0.0956,0.1607,0.0258,7.3849
,"2016-05-25",0.9895,0.0955,0.1608,0.0258,7.362
,"2016-05-26",0.9461,0.0951,0.1602,0.0257,7.362
,"2016-05-27",0.6137,0.0952,0.1604,0.0257,7.374
,"2016-05-28",0.6481,0.0949,0.1602,0.0257,7.374
,"2016-05-29",0.0233,0.0942,0.159,0.0253,7.3243
"Sottoarea_18","2016-05-20",7.9175,0.3968,0.564,0.3181,12.7638
,"2016-05-21",1.2117,0.3957,0.563,0.3169,12.7638
,"2016-05-22",0.0802,0.3955,0.5631,0.3171,12.6714
,"2016-05-23",4.3908,0.3957,0.5635,0.3175,12.6714
,"2016-05-24",5.7152,0.396,0.5639,0.318,12.6714
,"2016-05-25",6.9238,0.3954,0.5636,0.3177,12.6595
,"2016-05-26",4.9967,0.3939,0.562,0.3159,12.6595
,"2016-05-27",6.7732,0.3947,0.5626,0.3165,12.6883
,"2016-05-28",1.2289,0.3954,0.5631,0.3171,12.7181
,"2016-05-29",0.09,0.3934,0.5601,0.3137,12.6913
"Sottoarea_19","2016-05-20",3.4628,0.2523,0.3641,0.1326,13.3011
,"2016-05-21",0.9638,0.2515,0.3633,0.132,13.3011
,"2016-05-22",0.07,0.2518,0.3637,0.1322,13.3052
,"2016-05-23",3.0727,0.2521,0.364,0.1325,13.3052
,"2016-05-24",2.732,0.2523,0.3643,0.1327,13.3052
,"2016-05-25",4.1425,0.2525,0.3646,0.1329,13.2975
,"2016-05-26",2.7806,0.2521,0.3644,0.1328,13.2975
,"2016-05-27",4.1128,0.2515,0.3638,0.1324,13.2819
,"2016-05-28",0.6416,0.2517,0.3641,0.1326,13.2773
,"2016-05-29",0.0533,0.2518,0.3644,0.1328,13.2902
"Sottoarea_2","2016-05-20",6.1327,0.4185,0.5601,0.3137,12.4993
,"2016-05-21",2.1917,0.4155,0.5539,0.3068,12.4993
,"2016-05-22",0.6041,0.415,0.5537,0.3066,12.4912
,"2016-05-23",7.5032,0.4153,0.5541,0.307,12.4601
,"2016-05-24",5.8085,0.4157,0.5546,0.3076,12.4601
,"2016-05-25",5.2367,0.4165,0.5551,0.3082,12.485
,"2016-05-26",5.0204,0.4138,0.5502,0.3027,12.485
,"2016-05-27",5.565,0.4143,0.5507,0.3032,12.5028
,"2016-05-28",1.5539,0.415,0.5512,0.3038,12.5266
,"2016-05-29",0.4,0.4142,0.5506,0.3032,12.4955
"Sottoarea_21","2016-05-20",5.9617,0.3505,0.5027,0.2527,9.1629
,"2016-05-21",0.8263,0.3478,0.4974,0.2474,9.1629
,"2016-05-22",0.1301,0.3472,0.4971,0.2471,9.1627
,"2016-05-23",5.9835,0.3474,0.4974,0.2475,9.1531
,"2016-05-24",5.4979,0.3479,0.4979,0.2479,9.1531
,"2016-05-25",5.399,0.3459,0.4947,0.2447,9.1348
,"2016-05-26",5.0815,0.3429,0.4884,0.2385,9.1348
,"2016-05-27",6.0085,0.343,0.4887,0.2389,9.1432
,"2016-05-28",1.379,0.3432,0.4891,0.2392,9.1526
,"2016-05-29",0.14,0.3434,0.4895,0.2396,9.1632
"Sottoarea_22","2016-05-20",5.2578,0.361,0.5151,0.2653,9.7591
,"2016-05-21",1.1366,0.3571,0.5051,0.2551,9.7591
,"2016-05-22",0.157,0.3574,0.5055,0.2555,9.7728
,"2016-05-23",3.894,0.3579,0.506,0.256,9.7677
,"2016-05-24",5.1293,0.3583,0.5064,0.2565,9.7677
,"2016-05-25",5.2299,0.3586,0.5069,0.2569,9.7778
,"2016-05-26",4.7239,0.356,0.5018,0.2518,9.7778
,"2016-05-27",5.3832,0.356,0.502,0.252,9.7793
,"2016-05-28",0.9014,0.3565,0.5025,0.2525,9.7981
,"2016-05-29",0.1466,0.355,0.5007,0.2507,9.7843
"Sottoarea_23","2016-05-20",7.3446,0.4529,0.6371,0.406,10.431
,"2016-05-21",2.1794,0.4487,0.6274,0.3936,10.431
,"2016-05-22",0.2488,0.4473,0.626,0.3919,10.4111
,"2016-05-23",7.3662,0.4476,0.6264,0.3924,10.3983
,"2016-05-24",6.8324,0.4482,0.627,0.3932,10.3983
,"2016-05-25",6.4162,0.4482,0.6273,0.3935,10.3951
,"2016-05-26",5.3146,0.4444,0.6194,0.3836,10.3951
,"2016-05-27",6.1744,0.4451,0.62,0.3843,10.4153
,"2016-05-28",1.7265,0.4456,0.6205,0.3851,10.4313
,"2016-05-29",0.2058,0.4452,0.6205,0.385,10.4367
"Sottoarea_24","2016-05-20",7.7132,0.6657,0.9534,0.909,12.6693
,"2016-05-21",2.6116,0.6599,0.941,0.8854,12.6693
,"2016-05-22",0.0899,0.6591,0.9407,0.8849,12.6375
,"2016-05-23",7.253,0.6598,0.9415,0.8864,12.6375
,"2016-05-24",5.9835,0.6607,0.9424,0.8881,12.6375
,"2016-05-25",7.9021,0.6588,0.9406,0.8848,12.5746
,"2016-05-26",6.1964,0.6535,0.9298,0.8645,12.5746
,"2016-05-27",7.9555,0.6518,0.9283,0.8617,12.5749
,"2016-05-28",1.6635,0.6527,0.9292,0.8634,12.5967
,"2016-05-29",0.1711,0.6535,0.9301,0.865,12.6199
"Sottoarea_25","2016-05-20",6.265,0.5837,0.9288,0.8627,11.9457
,"2016-05-21",1.7405,0.5793,0.9213,0.8487,11.9457
,"2016-05-22",0.1001,0.5798,0.9221,0.8502,11.9588
,"2016-05-23",5.3541,0.5805,0.9229,0.8518,11.9381
,"2016-05-24",6.0862,0.5809,0.9237,0.8532,11.9381
,"2016-05-25",6.1545,0.5805,0.9239,0.8536,11.9183
,"2016-05-26",5.8257,0.5771,0.9192,0.845,11.9183
,"2016-05-27",6.7128,0.572,0.9097,0.8275,11.8978
,"2016-05-28",1.1971,0.5717,0.91,0.8281,11.8909
,"2016-05-29",0.1562,0.5699,0.9085,0.8254,11.8873
"Sottoarea_26","2016-05-20",6.396,0.4583,0.6235,0.3888,11.345
,"2016-05-21",1.9398,0.4549,0.6166,0.3802,11.345
,"2016-05-22",0.8099,0.4553,0.6171,0.3809,11.3579
,"2016-05-23",6.3846,0.4551,0.6172,0.381,11.3579
,"2016-05-24",6.7132,0.4544,0.6168,0.3805,11.3579
,"2016-05-25",6.0923,0.4541,0.6168,0.3805,11.3632
,"2016-05-26",5.311,0.4519,0.6137,0.3766,11.3632
,"2016-05-27",7.538,0.4518,0.6138,0.3768,11.3591
,"2016-05-28",1.915,0.451,0.6134,0.3762,11.3401
,"2016-05-29",0.4318,0.4512,0.6137,0.3766,11.3502
"Sottoarea_27","2016-05-20",5.855,0.4251,0.5692,0.324,11.5349
,"2016-05-21",1.6478,0.4221,0.5629,0.3169,11.5349
,"2016-05-22",0.3559,0.4225,0.5634,0.3174,11.5482
,"2016-05-23",5.392,0.4231,0.564,0.3181,11.56
,"2016-05-24",5.3433,0.4228,0.564,0.3181,11.56
,"2016-05-25",6.0272,0.4224,0.5638,0.3178,11.561
,"2016-05-26",5.2342,0.419,0.5566,0.3099,11.561
,"2016-05-27",6.1927,0.418,0.5555,0.3086,11.5341
,"2016-05-28",1.2609,0.4182,0.5559,0.3091,11.548
,"2016-05-29",0.992,0.4188,0.5565,0.3097,11.5687
"Sottoarea_28","2016-05-20",10.9446,0.6909,0.9987,0.9974,10.4746
,"2016-05-21",2.5872,0.6836,0.9804,0.9613,10.4746
,"2016-05-22",0.768,0.6809,0.9772,0.9548,10.4652
,"2016-05-23",8.4506,0.6821,0.9781,0.9567,10.4845
,"2016-05-24",11.0711,0.683,0.979,0.9585,10.4845
,"2016-05-25",11.2199,0.6829,0.9795,0.9594,10.4917
,"2016-05-26",9.0684,0.6774,0.9682,0.9374,10.4917
,"2016-05-27",10.5425,0.6787,0.9692,0.9393,10.5155
,"2016-05-28",2.8949,0.6773,0.9681,0.9373,10.5151
,"2016-05-29",0.4831,0.6777,0.9689,0.9387,10.5291
"Sottoarea_29","2016-05-20",10.9492,0.692,0.9987,0.9974,11.0034
,"2016-05-21",2.4795,0.6824,0.9686,0.9382,11.0034
,"2016-05-22",0.4485,0.6807,0.9672,0.9355,11.0018
,"2016-05-23",10.7725,0.6812,0.9679,0.9369,10.9921
,"2016-05-24",10.7872,0.6825,0.9689,0.9388,10.9921
,"2016-05-25",9.4905,0.6836,0.9699,0.9406,11.0151
,"2016-05-26",7.6468,0.6777,0.9572,0.9162,11.0151
,"2016-05-27",9.7804,0.678,0.9578,0.9174,11.0289
,"2016-05-28",2.1532,0.6733,0.9494,0.9014,11.0161
,"2016-05-29",0.424,0.6744,0.9503,0.9031,11.0381
"Sottoarea_3","2016-05-20",1.8361,0.1537,0.2178,0.0475,13.2832
,"2016-05-21",0.115,0.1533,0.2175,0.0473,13.2832
,"2016-05-22",0.0267,0.1526,0.2167,0.047,13.2527
,"2016-05-23",1.8372,0.1528,0.2169,0.047,13.2527
,"2016-05-24",1.15,0.1531,0.2171,0.0471,13.2527
,"2016-05-25",1.5613,0.1532,0.2173,0.0472,13.2619
,"2016-05-26",1.7666,0.1525,0.2163,0.0468,13.2619
,"2016-05-27",1.7171,0.1525,0.2164,0.0468,13.2756
,"2016-05-28",0.7575,0.1526,0.2166,0.0469,13.2886
,"2016-05-29",0.04,0.1518,0.2155,0.0464,13.2766
"Sottoarea_30","2016-05-20",6.6002,0.3572,0.5015,0.2515,12.9065
,"2016-05-21",2.8235,0.3557,0.4995,0.2495,12.9065
,"2016-05-22",0.8742,0.3558,0.4999,0.2499,12.9041
,"2016-05-23",5.4864,0.3565,0.5004,0.2504,12.9311
,"2016-05-24",4.3176,0.3572,0.5009,0.2509,12.9311
,"2016-05-25",4.8012,0.3568,0.5008,0.2508,12.9299
,"2016-05-26",3.5989,0.3559,0.4999,0.2499,12.7681
,"2016-05-27",6.9389,0.3559,0.5001,0.2501,12.7557
,"2016-05-28",2.26,0.3561,0.5005,0.2505,12.7676
,"2016-05-29",0.76,0.3561,0.5008,0.2508,12.776
"Sottoarea_31","2016-05-20",9.0021,0.4938,0.6928,0.4799,12.267
,"2016-05-21",3.0144,0.4907,0.6874,0.4725,12.267
,"2016-05-22",1.0494,0.49,0.687,0.472,12.2301
,"2016-05-23",7.5772,0.4903,0.6875,0.4727,12.1819
,"2016-05-24",7.3457,0.4912,0.6882,0.4736,12.1819
,"2016-05-25",7.9558,0.4918,0.6888,0.4745,12.2004
,"2016-05-26",6.1033,0.49,0.6868,0.4716,11.9177
,"2016-05-27",9.1223,0.4896,0.6868,0.4716,11.9059
,"2016-05-28",3.2033,0.4901,0.6873,0.4724,11.9172
,"2016-05-29",0.9694,0.491,0.688,0.4734,11.9425
"Sottoarea_32","2016-05-20",0.4549,0.0999,0.1522,0.0231,19.9271
,"2016-05-21",0.0793,0.1,0.1523,0.0232,19.9271
,"2016-05-22",0.02,0.1002,0.1524,0.0232,19.9271
,"2016-05-23",0.1208,0.1004,0.1526,0.0233,19.9271
,"2016-05-24",0.3947,0.1006,0.1527,0.0233,19.9271
,"2016-05-25",0.4048,0.1007,0.1529,0.0234,19.9271
,"2016-05-26",0.6254,0.1009,0.153,0.0234,19.9271
,"2016-05-27",0.6522,0.1009,0.1531,0.0234,19.9271
,"2016-05-28",0.0793,0.101,0.1532,0.0235,19.9271
,"2016-05-29",0.02,0.1011,0.1534,0.0235,19.9271
"Sottoarea_33","2016-05-20",2.0879,0.1678,0.2489,0.0619,12.1308
,"2016-05-21",0.9125,0.1671,0.2482,0.0616,12.1308
,"2016-05-22",0.0267,0.1672,0.2484,0.0617,12.1328
,"2016-05-23",2.0119,0.1675,0.2486,0.0618,12.1328
,"2016-05-24",1.4084,0.1678,0.2489,0.0619,12.1328
,"2016-05-25",1.4527,0.167,0.2478,0.0614,12.0115
,"2016-05-26",1.1814,0.167,0.2479,0.0615,12.0087
,"2016-05-27",2.155,0.1668,0.2478,0.0614,11.9612
,"2016-05-28",0.8602,0.1669,0.248,0.0615,11.964
,"2016-05-29",0.03,0.1668,0.248,0.0615,11.9319
"Sottoarea_34","2016-05-20",3.9042,0.2496,0.3344,0.1118,12.3687
,"2016-05-21",1.7504,0.2484,0.3325,0.1106,12.3687
,"2016-05-22",0.0508,0.2484,0.3326,0.1106,12.3305
,"2016-05-23",2.355,0.2487,0.3329,0.1108,12.3365
,"2016-05-24",2.5527,0.2488,0.3331,0.111,12.3365
,"2016-05-25",3.3767,0.2481,0.3324,0.1105,12.3172
,"2016-05-26",2.8245,0.2482,0.3326,0.1106,12.3084
,"2016-05-27",3.9911,0.2487,0.333,0.1109,12.3353
,"2016-05-28",1.8825,0.2485,0.3329,0.1108,12.3209
,"2016-05-29",0.1133,0.2485,0.3331,0.1109,12.3223
"Sottoarea_35","2016-05-20",8.6781,0.4918,0.6705,0.4495,12.407
,"2016-05-21",3.3261,0.4882,0.6632,0.4398,12.407
,"2016-05-22",1.5791,0.4886,0.6637,0.4405,12.4182
,"2016-05-23",6.1907,0.4893,0.6644,0.4414,12.4337
,"2016-05-24",6.8357,0.4902,0.665,0.4423,12.4556
,"2016-05-25",8.25,0.4889,0.6637,0.4405,12.4468
,"2016-05-26",6.18,0.4875,0.6622,0.4385,12.338
,"2016-05-27",9.5257,0.4873,0.6623,0.4386,12.3313
,"2016-05-28",4.3719,0.4879,0.6629,0.4395,12.3521
,"2016-05-29",0.99,0.4871,0.6623,0.4387,12.3508
"Sottoarea_36","2016-05-20",3.864,0.4384,0.5997,0.3596,13.9701
,"2016-05-21",1.4144,0.4362,0.5964,0.3557,13.9701
,"2016-05-22",0.3567,0.4369,0.597,0.3564,13.9933
,"2016-05-23",5.67,0.4377,0.5976,0.3571,14.0245
,"2016-05-24",4.9415,0.4385,0.5982,0.3578,14.0245
,"2016-05-25",5.58,0.4377,0.5976,0.3572,13.8682
,"2016-05-26",4.3166,0.4365,0.5963,0.3556,13.8682
,"2016-05-27",5.3424,0.437,0.5969,0.3563,13.8867
,"2016-05-28",1.7917,0.4376,0.5975,0.357,13.9092
,"2016-05-29",0.2467,0.4381,0.598,0.3576,13.9268
"Sottoarea_37","2016-05-20",13.0091,0.9852,1.3563,1.8397,15.6231
,"2016-05-21",4.5222,0.9801,1.3483,1.8179,15.6231
,"2016-05-22",0.8084,0.9804,1.3491,1.8201,15.6307
,"2016-05-23",12.5454,0.982,1.3504,1.8237,15.6583
,"2016-05-24",13.2313,0.9836,1.3518,1.8273,15.6583
,"2016-05-25",13.9834,0.9835,1.3523,1.8287,15.6352
,"2016-05-26",12.6739,0.9784,1.3444,1.8074,14.9064
,"2016-05-27",13.8561,0.9801,1.3457,1.811,14.9358
,"2016-05-28",6.0616,0.9807,1.3468,1.8138,14.9522
,"2016-05-29",0.5359,0.9818,1.3479,1.817,14.9745
"Sottoarea_38","2016-05-20",3.768,0.2522,0.3383,0.1144,12.4421
,"2016-05-21",1.6266,0.2514,0.3374,0.1138,12.4421
,"2016-05-22",0.0666,0.2516,0.3377,0.114,12.437
,"2016-05-23",2.7858,0.2521,0.338,0.1142,12.464
,"2016-05-24",3.7034,0.2524,0.3383,0.1145,12.464
,"2016-05-25",3.1885,0.2526,0.3386,0.1146,12.4552
,"2016-05-26",2.5713,0.2518,0.3376,0.114,12.4552
,"2016-05-27",3.0977,0.2516,0.3376,0.114,12.3985
,"2016-05-28",0.7104,0.2518,0.3379,0.1141,12.4127
,"2016-05-29",0.0367,0.2515,0.3378,0.1141,12.3957
"Sottoarea_39","2016-05-20",6.8657,0.4369,0.5856,0.3429,11.5321
,"2016-05-21",2.5433,0.4337,0.5793,0.3356,11.5321
,"2016-05-22",0.1567,0.4343,0.5798,0.3362,11.5482
,"2016-05-23",5.5142,0.4343,0.5801,0.3365,11.4737
,"2016-05-24",6.616,0.4351,0.5807,0.3372,11.4737
,"2016-05-25",6.3558,0.4344,0.5801,0.3365,11.4085
,"2016-05-26",5.157,0.4329,0.5785,0.3346,11.1747
,"2016-05-27",5.9407,0.4325,0.5783,0.3344,11.1237
,"2016-05-28",2.1762,0.4333,0.5789,0.3351,11.1476
,"2016-05-29",0.2267,0.434,0.5794,0.3357,11.1694
"Sottoarea_4","2016-05-20",5.6665,0.3847,0.5928,0.3514,9.3732
,"2016-05-21",1.5244,0.3814,0.5864,0.3438,9.3732
,"2016-05-22",0.0667,0.3799,0.5849,0.3421,9.3509
,"2016-05-23",4.7175,0.3804,0.5854,0.3427,9.3391
,"2016-05-24",4.9914,0.3812,0.586,0.3434,9.3391
,"2016-05-25",8.1154,0.3809,0.5862,0.3436,9.2988
,"2016-05-26",6.7819,0.3783,0.5817,0.3384,9.2988
,"2016-05-27",6.0983,0.3789,0.5823,0.3391,9.3173
,"2016-05-28",1.067,0.3784,0.5822,0.339,9.3144
,"2016-05-29",0.0667,0.3791,0.5828,0.3396,9.3372
"Sottoarea_40","2016-05-20",8.6448,0.5068,0.6958,0.4841,12.4342
,"2016-05-21",2.4287,0.5049,0.6934,0.4809,12.4342
,"2016-05-22",0.4142,0.5046,0.6936,0.481,12.4269
,"2016-05-23",7.804,0.5051,0.6942,0.4819,12.4252
,"2016-05-24",8.7082,0.5061,0.6949,0.4828,12.4252
,"2016-05-25",7.956,0.5051,0.694,0.4817,12.338
,"2016-05-26",7.1633,0.5036,0.6925,0.4796,12.2252
,"2016-05-27",8.1752,0.5029,0.6922,0.4791,12.1899
,"2016-05-28",2.6843,0.5035,0.6928,0.48,12.2072
,"2016-05-29",0.2499,0.5038,0.6933,0.4807,12.2208
"Sottoarea_41","2016-05-20",5.6048,0.5226,0.7414,0.5497,15.5126
,"2016-05-21",1.772,0.5197,0.7368,0.5429,15.5126
,"2016-05-22",0.4112,0.5177,0.7345,0.5395,15.2057
,"2016-05-23",4.8785,0.5173,0.7345,0.5394,15.07
,"2016-05-24",5.4851,0.5173,0.7349,0.54,15.07
,"2016-05-25",5.4612,0.5164,0.7343,0.5392,14.9917
,"2016-05-26",4.8563,0.5158,0.7341,0.5389,14.9633
,"2016-05-27",6.3763,0.5144,0.7328,0.537,14.9042
,"2016-05-28",1.4568,0.5149,0.7335,0.538,14.9279
,"2016-05-29",0.0709,0.5152,0.734,0.5388,14.9334
"Sottoarea_42","2016-05-20",9.0417,0.8143,1.1576,1.3399,16.3386
,"2016-05-21",3.2008,0.8106,1.1527,1.3288,16.3386
,"2016-05-22",0.2852,0.8091,1.1517,1.3264,16.2574
,"2016-05-23",8.6956,0.8101,1.1528,1.3288,16.281
,"2016-05-24",7.511,0.811,1.1538,1.3312,16.281
,"2016-05-25",8.0935,0.81,1.1535,1.3305,16.2451
,"2016-05-26",8.6666,0.8076,1.1512,1.3253,15.8439
,"2016-05-27",9.9732,0.8076,1.1518,1.3266,15.8425
,"2016-05-28",3.0618,0.8079,1.1525,1.3283,15.8565
,"2016-05-29",0.0404,0.8095,1.1537,1.331,15.8912
"Sottoarea_43","2016-05-20",9.1013,0.6294,0.9299,0.8648,10.5134
,"2016-05-21",2.7942,0.6229,0.9143,0.836,10.5134
,"2016-05-22",0.1301,0.6227,0.9147,0.8367,10.5195
,"2016-05-23",6.1463,0.6229,0.9153,0.8378,10.5195
,"2016-05-24",10.9226,0.6235,0.9161,0.8393,10.5195
,"2016-05-25",10.8909,0.6245,0.917,0.8409,10.5382
,"2016-05-26",8.8802,0.6197,0.9077,0.8238,10.5382
,"2016-05-27",10.0237,0.6208,0.9086,0.8255,10.5601
,"2016-05-28",1.2497,0.6186,0.9062,0.8213,10.5543
,"2016-05-29",0.0478,0.6176,0.9057,0.8203,10.5462
"Sottoarea_44","2016-05-20",5.5973,0.4,0.5604,0.314,10.7621
,"2016-05-21",1.6123,0.3978,0.5569,0.3102,10.7621
,"2016-05-22",0.2062,0.3959,0.5543,0.3072,10.7346
,"2016-05-23",4.5578,0.3961,0.5546,0.3076,10.7346
,"2016-05-24",4.7947,0.3968,0.5552,0.3082,10.7346
,"2016-05-25",5.4614,0.3971,0.5556,0.3087,10.7443
,"2016-05-26",4.0776,0.3946,0.5514,0.304,10.7443
,"2016-05-27",5.4028,0.394,0.5511,0.3037,10.7148
,"2016-05-28",1.292,0.3929,0.55,0.3025,10.7081
,"2016-05-29",0.274,0.3928,0.5502,0.3027,10.7062
"Sottoarea_45","2016-05-20",5.8046,0.3476,0.5016,0.2516,9.4963
,"2016-05-21",0.695,0.3439,0.4923,0.2423,9.4963
,"2016-05-22",0.0931,0.3445,0.4928,0.2428,9.517
,"2016-05-23",3.8796,0.3451,0.4932,0.2433,9.5353
,"2016-05-24",5.4051,0.3458,0.4937,0.2438,9.5353
,"2016-05-25",5.0328,0.3461,0.4942,0.2442,9.5489
,"2016-05-26",4.2729,0.3431,0.4876,0.2378,9.5489
,"2016-05-27",5.6252,0.3428,0.4876,0.2377,9.5515
,"2016-05-28",1.8529,0.3427,0.4877,0.2379,9.5587
,"2016-05-29",0.0427,0.3402,0.4832,0.2335,9.5394
"Sottoarea_46","2016-05-20",8.06,0.4758,0.6792,0.4613,8.9862
,"2016-05-21",1.24,0.4708,0.6664,0.4441,8.9862
,"2016-05-22",0.0899,0.4707,0.6667,0.4444,8.977
,"2016-05-23",7.7214,0.4708,0.6671,0.445,8.9505
,"2016-05-24",8.0203,0.4711,0.6676,0.4457,8.9505
,"2016-05-25",7.3037,0.4716,0.6682,0.4465,8.9604
,"2016-05-26",7.0815,0.468,0.6612,0.4372,8.9604
,"2016-05-27",8.5987,0.4679,0.6614,0.4375,8.9637
,"2016-05-28",1.0951,0.4674,0.6613,0.4373,8.9638
,"2016-05-29",0.11,0.4659,0.6599,0.4354,8.957
"Sottoarea_47","2016-05-20",3.2224,0.326,0.4639,0.2152,10.8357
,"2016-05-21",0.9068,0.3234,0.4584,0.2102,10.8357
,"2016-05-22",0.0964,0.324,0.4589,0.2106,10.8624
,"2016-05-23",3.0055,0.3241,0.4592,0.2108,10.8624
,"2016-05-24",4.91,0.3247,0.4596,0.2113,10.8624
,"2016-05-25",4.2251,0.3242,0.4593,0.2109,10.8508
,"2016-05-26",3.172,0.3214,0.4534,0.2056,10.8508
,"2016-05-27",4.0496,0.3208,0.4531,0.2053,10.8478
,"2016-05-28",0.5133,0.3214,0.4535,0.2057,10.8722
,"2016-05-29",0.0964,0.3216,0.4539,0.206,10.8904
"Sottoarea_48","2016-05-20",2.1845,0.1762,0.254,0.0645,13.6088
,"2016-05-21",0.3332,0.175,0.252,0.0635,13.6088
,"2016-05-22",0.02,0.1753,0.2523,0.0636,13.6394
,"2016-05-23",1.4093,0.1753,0.2524,0.0637,13.6394
,"2016-05-24",1.7964,0.1756,0.2527,0.0638,13.6394
,"2016-05-25",1.8301,0.1753,0.2525,0.0638,13.6326
,"2016-05-26",2.0096,0.1743,0.2509,0.0629,13.6326
,"2016-05-27",2.0588,0.1745,0.2511,0.0631,13.6622
,"2016-05-28",0.2734,0.1746,0.2512,0.0631,13.6766
,"2016-05-29",0.01,0.1749,0.2515,0.0633,13.7126
"Sottoarea_49","2016-05-20",2.1576,0.2913,0.455,0.207,14.2376
,"2016-05-21",0.3486,0.2901,0.4538,0.206,14.2376
,"2016-05-22",0.0267,0.2905,0.4543,0.2063,14.2595
,"2016-05-23",2.4162,0.2909,0.4547,0.2067,14.2595
,"2016-05-24",2.4994,0.2914,0.4551,0.2072,14.2595
,"2016-05-25",2.7382,0.2915,0.4554,0.2074,14.2628
,"2016-05-26",1.7022,0.2906,0.4546,0.2067,14.2628
,"2016-05-27",2.6151,0.2902,0.4546,0.2066,14.1716
,"2016-05-28",0.2699,0.2898,0.4545,0.2066,14.1656
,"2016-05-29",0.02,0.2903,0.455,0.207,14.2014
"Sottoarea_5","2016-05-20",8.584,0.5984,0.8632,0.7451,11.4997
,"2016-05-21",2.5835,0.5918,0.8464,0.7163,11.4997
,"2016-05-22",0.6432,0.5923,0.8471,0.7175,11.5143
,"2016-05-23",9.0176,0.5933,0.8479,0.7189,11.5308
,"2016-05-24",8.241,0.5944,0.8487,0.7204,11.5308
,"2016-05-25",8.8859,0.5945,0.8493,0.7213,11.5414
,"2016-05-26",6.9008,0.59,0.8404,0.7062,11.5414
,"2016-05-27",8.7517,0.5895,0.8404,0.7063,11.5373
,"2016-05-28",2.5211,0.5865,0.8359,0.6987,11.5272
,"2016-05-29",0.4467,0.5859,0.8357,0.6985,11.5204
"Sottoarea_50","2016-05-20",7.8819,0.6334,0.9063,0.8215,11.3706
,"2016-05-21",3.1198,0.6298,0.9007,0.8112,11.3706
,"2016-05-22",0.4912,0.6297,0.901,0.8119,11.3743
,"2016-05-23",9.6077,0.6308,0.9019,0.8135,11.3824
,"2016-05-24",8.4082,0.6317,0.9028,0.815,11.3636
,"2016-05-25",9.4422,0.6299,0.901,0.8119,11.2722
,"2016-05-26",7.8222,0.6261,0.8948,0.8006,11.2722
,"2016-05-27",10.341,0.6262,0.8953,0.8016,11.2774
,"2016-05-28",3.295,0.6253,0.8949,0.8009,11.2785
,"2016-05-29",0.3481,0.6256,0.8956,0.802,11.2933
"Sottoarea_52","2016-05-20",7.3412,0.4542,0.6532,0.4267,12.7305
,"2016-05-21",1.375,0.4517,0.6493,0.4216,12.7305
,"2016-05-22",0.1201,0.4522,0.6499,0.4223,12.7477
,"2016-05-23",5.4504,0.452,0.6501,0.4226,12.65
,"2016-05-24",5.0093,0.4526,0.6507,0.4234,12.65
,"2016-05-25",6.6014,0.4528,0.6512,0.424,12.659
,"2016-05-26",4.2726,0.4529,0.6515,0.4245,12.6379
,"2016-05-27",6.8572,0.4517,0.6505,0.4231,12.5417
,"2016-05-28",2.084,0.4524,0.6511,0.4239,12.566
,"2016-05-29",0.08,0.4524,0.6514,0.4244,12.5683
"Sottoarea_53","2016-05-20",5.4962,0.4848,0.688,0.4734,13.7537
,"2016-05-21",0.9227,0.4825,0.6847,0.4688,13.7537
,"2016-05-22",0.0101,0.4832,0.6853,0.4697,13.7783
,"2016-05-23",3.4093,0.483,0.6856,0.47,13.6783
,"2016-05-24",5.4003,0.4837,0.6862,0.4709,13.6783
,"2016-05-25",6.4344,0.483,0.6859,0.4705,13.6077
,"2016-05-26",5.8833,0.4821,0.6853,0.4697,13.4096
,"2016-05-27",6.669,0.4801,0.683,0.4665,13.0815
,"2016-05-28",1.1569,0.4806,0.6836,0.4673,13.0992
,"2016-05-29",0.0101,0.48,0.6834,0.4671,13.0679
"Sottoarea_54","2016-05-20",3.8597,0.3997,0.5477,0.3,12.5794
,"2016-05-21",1.3294,0.397,0.5425,0.2943,12.5794
,"2016-05-22",0.4598,0.3956,0.541,0.2926,12.5591
,"2016-05-23",3.3388,0.3962,0.5415,0.2932,12.5645
,"2016-05-24",4.4717,0.397,0.542,0.2938,12.5645
,"2016-05-25",5.292,0.3964,0.5417,0.2934,12.5133
,"2016-05-26",4.4942,0.3945,0.5389,0.2904,12.5133
,"2016-05-27",3.8857,0.3946,0.5392,0.2907,12.5175
,"2016-05-28",1.0517,0.3951,0.5397,0.2913,12.5388
,"2016-05-29",0.1267,0.3949,0.5397,0.2913,12.5436
"Sottoarea_55","2016-05-20",6.8448,0.4979,0.6873,0.4724,11.9569
,"2016-05-21",1.9622,0.4947,0.6815,0.4645,11.9569
,"2016-05-22",0.2678,0.4938,0.6809,0.4637,11.954
,"2016-05-23",7.8011,0.4947,0.6816,0.4646,11.9647
,"2016-05-24",6.5909,0.4955,0.6823,0.4655,11.9647
,"2016-05-25",7.1404,0.4942,0.6812,0.464,11.9285
,"2016-05-26",6.8361,0.4911,0.6754,0.4562,11.9285
,"2016-05-27",6.6674,0.4913,0.6759,0.4568,11.9391
,"2016-05-28",1.9042,0.4919,0.6765,0.4577,11.9589
,"2016-05-29",0.3283,0.4907,0.6754,0.4562,11.9237
"Sottoarea_56","2016-05-20",0.7529,0.1264,0.1687,0.0285,17.5198
,"2016-05-21",0.0295,0.126,0.1683,0.0283,17.5198
,"2016-05-22",0.0556,0.1261,0.1684,0.0284,17.585
,"2016-05-23",0.3681,0.1264,0.1686,0.0284,17.585
,"2016-05-24",0.3487,0.1266,0.1687,0.0285,17.585
,"2016-05-25",0.6283,0.1262,0.1682,0.0283,17.491
,"2016-05-26",0.5817,0.1262,0.1683,0.0283,17.491
,"2016-05-27",0.8698,0.1262,0.1684,0.0283,17.518
,"2016-05-28",0.0106,0.1261,0.1683,0.0283,17.511
,"2016-05-29",0.01,0.1261,0.1684,0.0284,17.5612
"Sottoarea_57","2016-05-20",10.8029,0.6817,0.936,0.8761,11.6656
,"2016-05-21",2.9366,0.6757,0.9222,0.8504,11.6656
,"2016-05-22",0.7606,0.6751,0.9221,0.8502,11.6648
,"2016-05-23",10.0177,0.6755,0.9228,0.8515,11.6391
,"2016-05-24",9.8571,0.6763,0.9236,0.853,11.6391
,"2016-05-25",10.3184,0.6752,0.9228,0.8516,11.5732
,"2016-05-26",9.2852,0.6706,0.9143,0.8359,11.5732
,"2016-05-27",10.2519,0.669,0.9129,0.8334,11.5454
,"2016-05-28",2.0306,0.669,0.9133,0.8341,11.5568
,"2016-05-29",0.9967,0.6698,0.9141,0.8356,11.5747
"Sottoarea_58","2016-05-20",8.2563,0.5315,0.7128,0.5082,12.3046
,"2016-05-21",2.1382,0.5274,0.7041,0.4958,12.3046
,"2016-05-22",0.6716,0.5262,0.703,0.4942,12.3068
,"2016-05-23",7.0511,0.5259,0.7031,0.4943,12.2614
,"2016-05-24",7.298,0.5269,0.7038,0.4953,12.2614
,"2016-05-25",8.7144,0.5274,0.7044,0.4962,12.2792
,"2016-05-26",6.3982,0.5234,0.6959,0.4843,12.2792
,"2016-05-27",8.0367,0.5218,0.6941,0.4818,12.2771
,"2016-05-28",2.399,0.5212,0.6939,0.4815,12.2694
,"2016-05-29",0.6363,0.5221,0.6946,0.4825,12.2933
"Sottoarea_59","2016-05-20",2.5007,0.2272,0.3138,0.0985,11.4998
,"2016-05-21",0.4892,0.2261,0.3121,0.0974,11.4998
,"2016-05-22",0.0202,0.2255,0.3115,0.097,11.4846
,"2016-05-23",2.3666,0.2258,0.3118,0.0972,11.5042
,"2016-05-24",3.0636,0.226,0.3121,0.0974,11.5042
,"2016-05-25",2.7205,0.2258,0.312,0.0974,11.4495
,"2016-05-26",2.1076,0.2248,0.3106,0.0965,11.4495
,"2016-05-27",2.4355,0.2245,0.3104,0.0964,11.4463
,"2016-05-28",0.3633,0.2243,0.3104,0.0964,11.3945
,"2016-05-29",0.0997,0.2239,0.3102,0.0962,11.3883
"Sottoarea_6","2016-05-20",1.0919,0.1108,0.1862,0.0347,8.5155
,"2016-05-21",0.1517,0.1101,0.1851,0.0343,8.5155
,"2016-05-22",0.0766,0.1099,0.1851,0.0343,8.4911
,"2016-05-23",0.7117,0.1098,0.1852,0.0343,8.4911
,"2016-05-24",0.9983,0.1101,0.1853,0.0344,8.4911
,"2016-05-25",1.2028,0.1102,0.1855,0.0344,8.5018
,"2016-05-26",0.6533,0.1094,0.1843,0.034,8.5018
,"2016-05-27",1.0076,0.1095,0.1845,0.034,8.5096
,"2016-05-28",0.7399,0.1088,0.1836,0.0337,8.4681
,"2016-05-29",0.0,0.1088,0.1837,0.0337,8.4676
"Sottoarea_60","2016-05-20",13.3111,0.7547,1.0588,1.1211,13.4705
,"2016-05-21",4.0332,0.7467,1.0384,1.0783,13.4705
,"2016-05-22",1.0802,0.7435,1.0341,1.0694,13.4633
,"2016-05-23",12.9824,0.745,1.0352,1.0715,13.4909
,"2016-05-24",15.1147,0.7457,1.0361,1.0734,13.4909
,"2016-05-25",14.0245,0.7464,1.0369,1.0752,13.511
,"2016-05-26",12.4963,0.741,1.0266,1.054,13.511
,"2016-05-27",13.0636,0.7413,1.0273,1.0553,13.5268
,"2016-05-28",4.4755,0.7422,1.0282,1.0573,13.5513
,"2016-05-29",0.4341,0.7427,1.029,1.0589,13.5697
"Sottoarea_61","2016-05-20",10.3869,0.7592,1.0591,1.1217,12.452
,"2016-05-21",3.4562,0.7519,1.0417,1.085,12.452
,"2016-05-22",0.3824,0.7505,1.0406,1.0829,12.4267
,"2016-05-23",12.8171,0.7509,1.0414,1.0845,12.3379
,"2016-05-24",11.1465,0.7524,1.0424,1.0867,12.3617
,"2016-05-25",13.6574,0.7521,1.0427,1.0872,12.3667
,"2016-05-26",11.7448,0.7457,1.0287,1.0582,12.3667
,"2016-05-27",12.6763,0.7466,1.0296,1.0601,12.3886
,"2016-05-28",2.5254,0.7461,1.0297,1.0602,12.3997
,"2016-05-29",0.1931,0.7475,1.0307,1.0623,12.4256
"Sottoarea_7","2016-05-20",3.0228,0.2667,0.359,0.1289,11.4183
,"2016-05-21",1.0981,0.2647,0.3548,0.1259,11.4183
,"2016-05-22",0.0533,0.2642,0.3545,0.1256,11.3859
,"2016-05-23",2.9136,0.2642,0.3546,0.1258,11.3542
,"2016-05-24",2.623,0.2645,0.355,0.126,11.3542
,"2016-05-25",2.8361,0.2649,0.3553,0.1262,11.373
,"2016-05-26",2.6416,0.2637,0.3534,0.1249,11.373
,"2016-05-27",2.718,0.2642,0.3538,0.1251,11.3981
,"2016-05-28",0.7948,0.2645,0.3541,0.1254,11.4174
,"2016-05-29",0.0567,0.2648,0.3544,0.1256,11.4348
"Sottoarea_8","2016-05-20",6.1103,0.4255,0.5815,0.3382,11.0405
,"2016-05-21",2.1545,0.423,0.5772,0.3332,11.0405
,"2016-05-22",0.3997,0.4221,0.5765,0.3323,11.0331
,"2016-05-23",4.3297,0.4227,0.577,0.3329,11.0437
,"2016-05-24",5.5361,0.4235,0.5776,0.3336,11.0437
,"2016-05-25",5.9841,0.4232,0.5776,0.3336,11.0267
,"2016-05-26",4.7084,0.4213,0.5749,0.3306,10.7566
,"2016-05-27",5.9615,0.4213,0.5752,0.3308,10.7663
,"2016-05-28",1.6617,0.4218,0.5757,0.3315,10.7841
,"2016-05-29",0.34,0.4218,0.576,0.3318,10.7942
"Sottoarea_9","2016-05-20",4.3377,0.3396,0.4543,0.2064,10.7782
,"2016-05-21",1.29,0.3377,0.4509,0.2033,10.7782
,"2016-05-22",0.2818,0.3376,0.4511,0.2035,10.7744
,"2016-05-23",5.3878,0.3377,0.4513,0.2037,10.7327
,"2016-05-24",3.8972,0.3383,0.4518,0.2041,10.7327
,"2016-05-25",4.4356,0.3383,0.4519,0.2043,10.7164
,"2016-05-26",4.9811,0.3364,0.4486,0.2012,10.7164
,"2016-05-27",4.7083,0.3361,0.4485,0.2012,10.7134
,"2016-05-28",1.24,0.3365,0.4489,0.2015,10.7292
,"2016-05-29",0.3276,0.3367,0.4493,0.2018,10.7406
"Sottoarea_91","2016-05-20",8.8818,0.5686,0.8005,0.6409,9.3257
,"2016-05-21",1.8234,0.5642,0.7917,0.6268,9.3257
,"2016-05-22",0.2147,0.565,0.7924,0.628,9.3416
,"2016-05-23",7.4719,0.566,0.7932,0.6292,9.358
,"2016-05-24",7.46,0.5672,0.794,0.6305,9.358
,"2016-05-25",8.8691,0.5681,0.7948,0.6317,9.3733
,"2016-05-26",8.6406,0.5644,0.7884,0.6215,9.3733
,"2016-05-27",9.0357,0.5643,0.7887,0.622,9.371
,"2016-05-28",2.4667,0.5634,0.7882,0.6213,9.3636
,"2016-05-29",0.178,0.5617,0.7865,0.6185,9.3555
"Sottoarea_92","2016-05-20",7.8031,0.5083,0.7387,0.5456,10.1781
,"2016-05-21",2.5676,0.5037,0.7287,0.531,10.1781
,"2016-05-22",0.311,0.5031,0.7285,0.5307,10.1406
,"2016-05-23",7.9927,0.5033,0.729,0.5314,10.0748
,"2016-05-24",7.6908,0.5041,0.7297,0.5325,10.0748
,"2016-05-25",8.2557,0.5047,0.7304,0.5335,10.0894
,"2016-05-26",8.5629,0.5007,0.7225,0.522,10.0894
,"2016-05-27",8.0989,0.5007,0.7229,0.5225,10.0976
,"2016-05-28",1.815,0.5014,0.7236,0.5235,10.1137
,"2016-05-29",0.237,0.5001,0.7225,0.522,10.1008
"Sottoarea_93","2016-05-20",2.3931,0.2178,0.2894,0.0838,10.6537
,"2016-05-21",0.9639,0.2165,0.2873,0.0825,10.6537
,"2016-05-22",0.096,0.2166,0.2874,0.0826,10.6574
,"2016-05-23",2.4533,0.2165,0.2875,0.0826,10.6574
,"2016-05-24",3.0087,0.2167,0.2877,0.0828,10.6574
,"2016-05-25",2.5171,0.217,0.288,0.0829,10.677
,"2016-05-26",2.6318,0.2158,0.2861,0.0818,10.677
,"2016-05-27",2.731,0.215,0.2848,0.0811,10.6639
,"2016-05-28",0.875,0.2151,0.285,0.0812,10.6686
,"2016-05-29",0.0498,0.2149,0.285,0.0812,10.6712
"Sottoarea_94","2016-05-20",6.4457,0.5966,0.8056,0.649,15.109
,"2016-05-21",2.6171,0.5922,0.7965,0.6344,15.109
,"2016-05-22",0.2601,0.5925,0.7971,0.6353,15.111
,"2016-05-23",6.7346,0.5921,0.7971,0.6353,14.9664
,"2016-05-24",6.0105,0.5921,0.7974,0.6359,14.9664
,"2016-05-25",6.641,0.5929,0.7982,0.6371,14.9913
,"2016-05-26",6.9826,0.5903,0.7944,0.631,14.9913
,"2016-05-27",6.9487,0.5885,0.7925,0.628,14.8608
,"2016-05-28",2.3671,0.5886,0.7929,0.6287,14.8706
,"2016-05-29",0.2167,0.5886,0.7933,0.6293,14.8819
"Sottoarea_95","2016-05-20",3.8629,0.4045,0.5351,0.2863,14.1948
,"2016-05-21",1.654,0.4014,0.5282,0.279,14.1948
,"2016-05-22",0.1577,0.4003,0.5271,0.2778,14.1197
,"2016-05-23",3.5739,0.4006,0.5275,0.2782,14.0965
,"2016-05-24",4.3484,0.401,0.5279,0.2787,14.0965
,"2016-05-25",4.0332,0.4013,0.5283,0.2791,14.115
,"2016-05-26",4.648,0.3992,0.5249,0.2755,14.115
,"2016-05-27",4.6736,0.3972,0.5216,0.2721,13.8176
,"2016-05-28",1.652,0.3966,0.5212,0.2716,13.7686
,"2016-05-29",0.2243,0.3972,0.5217,0.2722,13.7964
"Sottoarea_96","2016-05-20",6.6069,0.5302,0.7431,0.5522,11.3921
,"2016-05-21",1.6899,0.5269,0.7374,0.5438,11.3921
,"2016-05-22",0.0402,0.5264,0.7373,0.5436,11.3917
,"2016-05-23",4.0308,0.5264,0.7376,0.5441,11.2976
,"2016-05-24",7.0262,0.5271,0.7383,0.5451,11.2976
,"2016-05-25",6.6869,0.527,0.7386,0.5456,11.2976
,"2016-05-26",6.1226,0.524,0.7337,0.5383,11.2976
,"2016-05-27",6.3533,0.5229,0.7329,0.5372,11.2635
,"2016-05-28",1.7434,0.5236,0.7336,0.5382,11.2843
,"2016-05-29",0.1136,0.5229,0.7333,0.5377,11.2692
"Sottoarea_97","2016-05-20",3.6269,0.3011,0.4152,0.1724,9.7426
,"2016-05-21",0.9017,0.2982,0.4078,0.1663,9.7426
,"2016-05-22",0.0733,0.2985,0.4081,0.1666,9.7587
,"2016-05-23",3.5014,0.2987,0.4085,0.1669,9.7412
,"2016-05-24",4.2097,0.2993,0.4089,0.1672,9.7412
,"2016-05-25",4.5312,0.2992,0.409,0.1673,9.7377
,"2016-05-26",3.0602,0.2967,0.4036,0.1629,9.7377
,"2016-05-27",3.9015,0.2963,0.4033,0.1627,9.7196
,"2016-05-28",0.8342,0.2968,0.4037,0.163,9.7406
,"2016-05-29",0.0268,0.2974,0.4041,0.1633,9.7634
"Sottoarea_98","2016-05-20",4.4007,0.3135,0.4385,0.1923,10.1738
,"2016-05-21",1.2811,0.3114,0.4346,0.1889,10.1738
,"2016-05-22",0.0852,0.3119,0.435,0.1893,10.1924
,"2016-05-23",4.1291,0.3119,0.4353,0.1895,10.1924
,"2016-05-24",3.9227,0.3122,0.4357,0.1898,10.1924
,"2016-05-25",4.1097,0.3127,0.4361,0.1902,10.2112
,"2016-05-26",4.2471,0.3111,0.4335,0.1879,10.2112
,"2016-05-27",4.4389,0.3109,0.4336,0.188,10.1909
,"2016-05-28",1.0596,0.3111,0.4339,0.1883,10.1961
,"2016-05-29",0.0367,0.3103,0.4332,0.1876,10.1868
"Sottoarea_99","2016-05-20",5.3681,0.4161,0.5775,0.3335,10.0475
,"2016-05-21",1.8214,0.4132,0.5719,0.327,10.0475
,"2016-05-22",0.2527,0.4128,0.5718,0.327,10.0509
,"2016-05-23",6.0932,0.4127,0.572,0.3272,10.0509
,"2016-05-24",6.0781,0.4134,0.5726,0.3278,10.0509
,"2016-05-25",5.8159,0.4134,0.5729,0.3282,10.0515
,"2016-05-26",5.8619,0.4099,0.565,0.3192,10.0515
,"2016-05-27",6.6764,0.4099,0.5653,0.3195,10.0521
,"2016-05-28",1.144,0.4103,0.5658,0.3201,10.066
,"2016-05-29",0.1084,0.4105,0.5662,0.3205,10.0788
