Area;Zona;Sottoarea;Latitudine;Longitudine;Data;Vendite.previste;Vendite.previste.approssimate;Mean.Absolute.Error;Root.Mean.Squared.Error;Mean.Squared.Error;Mean.Absolute.Percentage.Error
Area_57;Zona_21;Sottoarea_1;37,57251433;14,20335412;20/05/2016;2,4337;2;0,2623;0,3833;0,1469;15,9878
;;;;;21/05/2016;1,9662;2;0,2623;0,3835;0,1471;15,9638
;;;;;22/05/2016;0,0879;0;0,2625;0,3838;0,1473;15,9609
;;;;;23/05/2016;1,3304;1;0,2628;0,3842;0,1476;15,9787
;;;;;24/05/2016;2,0206;2;0,2632;0,3846;0,1479;16,001
;;;;;25/05/2016;1,4965;1;0,2633;0,3849;0,1481;15,9913
;;;;;26/05/2016;1,5194;2;0,2625;0,3841;0,1475;15,9913
;;;;;27/05/2016;2,1756;2;0,2623;0,3841;0,1475;15,9377
;;;;;28/05/2016;1,0293;1;0,2623;0,3843;0,1477;15,9179
;;;;;29/05/2016;0,403;0;0,2627;0,3847;0,148;15,9496
Area_33;Zona_13;Sottoarea_10;43,54901306;13,17461525;20/05/2016;2,9807;3;0,2947;0,3779;0,1428;15,6365
;;;;;21/05/2016;2,6238;3;0,2941;0,3773;0,1423;15,5389
;;;;;22/05/2016;0,2056;0;0,2923;0,3739;0,1398;15,5207
;;;;;23/05/2016;2,0934;2;0,2927;0,3742;0,14;15,5272
;;;;;24/05/2016;2,2762;2;0,293;0,3746;0,1403;15,5272
;;;;;25/05/2016;3,8009;4;0,2929;0,3746;0,1404;15,4884
;;;;;26/05/2016;2,7933;3;0,2922;0,3738;0,1397;15,4884
;;;;;27/05/2016;2,683;3;0,2923;0,3741;0,1399;15,5011
;;;;;28/05/2016;1,4792;1;0,2921;0,374;0,1398;15,5042
;;;;;29/05/2016;0,2402;0;0,2913;0,3731;0,1392;15,4643
Area_16;Zona_7;Sottoarea_100;46,16282132;12,92471034;20/05/2016;5,2607;5;0,4785;0,6948;0,4828;17,2566
;;;;;21/05/2016;4,3803;4;0,4785;0,6952;0,4833;17,197
;;;;;22/05/2016;0,7542;1;0,4782;0,6953;0,4834;17,1645
;;;;;23/05/2016;2,6232;3;0,4789;0,696;0,4844;17,1888
;;;;;24/05/2016;5,3948;5;0,4797;0,6967;0,4853;17,2106
;;;;;25/05/2016;6,3082;6;0,4791;0,6964;0,485;17,0717
;;;;;26/05/2016;5,648;6;0,4782;0,696;0,4843;17,0717
;;;;;27/05/2016;6,0296;6;0,4786;0,6965;0,4851;17,0739
;;;;;28/05/2016;4,6103;5;0,4793;0,6972;0,4861;17,1009
;;;;;29/05/2016;0,7153;1;0,4788;0,6971;0,486;16,9798
Area_47;Zona_17;Sottoarea_101;40,65420376;17,64936174;20/05/2016;3,7413;4;0,4035;0,649;0,4212;19,0128
;;;;;21/05/2016;3,4251;3;0,4017;0,647;0,4187;19,0128
;;;;;22/05/2016;0,8063;1;0,4018;0,6475;0,4192;18,9744
;;;;;23/05/2016;1,7678;2;0,4024;0,6481;0,4201;19,0008
;;;;;24/05/2016;3,884;4;0,4031;0,6488;0,4209;19,0289
;;;;;25/05/2016;4,3818;4;0,4036;0,6494;0,4217;19,037
;;;;;26/05/2016;4,8603;5;0,4026;0,6488;0,421;19,037
;;;;;27/05/2016;3,8718;4;0,4034;0,6495;0,4218;19,0758
;;;;;28/05/2016;3,3987;3;0,4037;0,65;0,4225;19,0916
;;;;;29/05/2016;0,509;1;0,4037;0,6504;0,423;19,0395
Area_47;Zona_17;Sottoarea_102;40,13427956;18,22246719;20/05/2016;5,4727;5;0,5224;0,7401;0,5478;18,1223
;;;;;21/05/2016;3,4948;3;0,5209;0,7387;0,5457;17,8958
;;;;;22/05/2016;0,68;1;0,5211;0,7392;0,5465;17,89
;;;;;23/05/2016;2,4536;2;0,5216;0,7399;0,5474;17,8958
;;;;;24/05/2016;5,1185;5;0,5222;0,7405;0,5484;17,8914
;;;;;25/05/2016;4,2753;4;0,5228;0,7412;0,5494;17,9073
;;;;;26/05/2016;4,9854;5;0,5214;0,7399;0,5474;17,9073
;;;;;27/05/2016;5,2292;5;0,521;0,74;0,5476;17,8712
;;;;;28/05/2016;2,4756;2;0,5204;0,7397;0,5472;17,8186
;;;;;29/05/2016;0,7796;1;0,5201;0,7399;0,5474;17,7834
Area_56;Zona_20;Sottoarea_103;36,9583946;14,67003174;20/05/2016;3,0072;3;0,2739;0,3624;0,1314;14,6539
;;;;;21/05/2016;3,6743;4;0,2726;0,3604;0,1299;14,6539
;;;;;22/05/2016;0,1333;0;0,2724;0,3605;0,1299;14,6111
;;;;;23/05/2016;1,6069;2;0,2723;0,3605;0,13;14,6075
;;;;;24/05/2016;2,1459;2;0,2727;0,3609;0,1302;14,6257
;;;;;25/05/2016;2,1451;2;0,273;0,3612;0,1304;14,6212
;;;;;26/05/2016;2,585;3;0,2723;0,3605;0,1299;14,6212
;;;;;27/05/2016;2,7572;3;0,2718;0,3601;0,1296;14,5334
;;;;;28/05/2016;1,4967;1;0,2718;0,3602;0,1298;14,5372
;;;;;29/05/2016;0,1567;0;0,2722;0,3606;0,13;14,5631
Area_56;Zona_20;Sottoarea_104;37,0343246;15,12430735;20/05/2016;2,5596;3;0,2648;0,3676;0,1352;14,5713
;;;;;21/05/2016;2,7189;3;0,2642;0,3672;0,1348;14,4782
;;;;;22/05/2016;0,0464;0;0,2644;0,3675;0,135;14,4756
;;;;;23/05/2016;1,8161;2;0,2649;0,3678;0,1353;14,5017
;;;;;24/05/2016;2,542;3;0,2652;0,3682;0,1356;14,5117
;;;;;25/05/2016;2,1944;2;0,2655;0,3685;0,1358;14,5172
;;;;;26/05/2016;2,2746;2;0,2651;0,3682;0,1356;14,5172
;;;;;27/05/2016;2,3093;2;0,265;0,3683;0,1357;14,4788
;;;;;28/05/2016;0,9833;1;0,2651;0,3686;0,1359;14,4887
;;;;;29/05/2016;0,2767;0;0,2654;0,3689;0,1361;14,492
Area_11;Zona_5;Sottoarea_105;44,55122556;10,6160705;20/05/2016;6,6533;7;0,4444;0,6318;0,3992;15,3292
;;;;;21/05/2016;3,7835;4;0,4422;0,6286;0,3952;15,0337
;;;;;22/05/2016;1,9216;2;0,4423;0,629;0,3957;15,0244
;;;;;23/05/2016;5,5331;6;0,4424;0,6294;0,3961;14,969
;;;;;24/05/2016;6,2182;6;0,4431;0,63;0,3969;14,9855
;;;;;25/05/2016;6,0321;6;0,4437;0,6306;0,3977;15,0054
;;;;;26/05/2016;8,2045;8;0,4426;0,6296;0,3964;15,0054
;;;;;27/05/2016;6,7309;7;0,4434;0,6303;0,3972;15,0347
;;;;;28/05/2016;3,329;3;0,4443;0,6309;0,398;15,0667
;;;;;29/05/2016;1,9585;2;0,4442;0,6311;0,3983;15,0441
Area_14;Zona_6;Sottoarea_106;43,99437259;12,39047588;20/05/2016;6,1145;6;0,4308;0,6054;0,3665;15,2199
;;;;;21/05/2016;5,0322;5;0,4297;0,6045;0,3654;15,0486
;;;;;22/05/2016;1,9531;2;0,4255;0,594;0,3529;15,0194
;;;;;23/05/2016;4,0582;4;0,4263;0,5946;0,3536;15,0491
;;;;;24/05/2016;5,5414;6;0,4268;0,5952;0,3542;15,0504
;;;;;25/05/2016;7,4346;7;0,4274;0,5957;0,3549;15,0719
;;;;;26/05/2016;8,816;9;0,4257;0,5936;0,3523;15,0719
;;;;;27/05/2016;6,4463;6;0,4254;0,5937;0,3525;15,0477
;;;;;28/05/2016;3,7162;4;0,4257;0,5941;0,353;15,0465
;;;;;29/05/2016;1,4267;1;0,4248;0,5935;0,3522;14,9857
Area_14;Zona_6;Sottoarea_107;44,12315426;12,00363524;20/05/2016;2,7034;3;0,2546;0,4725;0,2233;16,3576
;;;;;21/05/2016;2,4097;2;0,2542;0,4725;0,2233;16,3576
;;;;;22/05/2016;0,913;1;0,252;0,4692;0,2202;16,311
;;;;;23/05/2016;1,8031;2;0,2525;0,4697;0,2206;16,311
;;;;;24/05/2016;3,0562;3;0,2529;0,4702;0,2211;16,311
;;;;;25/05/2016;5,3854;5;0,2531;0,4706;0,2214;16,3044
;;;;;26/05/2016;3,4172;3;0,2529;0,4708;0,2216;16,3044
;;;;;27/05/2016;2,6934;3;0,2525;0,4709;0,2217;16,3044
;;;;;28/05/2016;2,0578;2;0,2521;0,4709;0,2217;16,2216
;;;;;29/05/2016;0,5657;1;0,2518;0,471;0,2218;16,2216
Area_48;Zona_18;Sottoarea_108;41,92035088;12,46358613;20/05/2016;2,8733;3;0,268;0,5015;0,2515;16,7951
;;;;;21/05/2016;1,8235;2;0,2676;0,5015;0,2515;16,7951
;;;;;22/05/2016;0,1599;0;0,2681;0,502;0,252;16,8305
;;;;;23/05/2016;0,8106;1;0,2683;0,5025;0,2525;16,8305
;;;;;24/05/2016;1,6394;2;0,2687;0,503;0,253;16,8305
;;;;;25/05/2016;1,8277;2;0,2689;0,5034;0,2534;16,8266
;;;;;26/05/2016;2,0383;2;0,2684;0,5033;0,2533;16,8266
;;;;;27/05/2016;2,2365;2;0,2685;0,5037;0,2538;16,8154
;;;;;28/05/2016;1,0552;1;0,2688;0,5042;0,2543;16,8321
;;;;;29/05/2016;0,0433;0;0,2688;0,5046;0,2546;16,8383
Area_48;Zona_18;Sottoarea_109;41,8999525;12,4555524;20/05/2016;3,4692;3;0,4443;0,6409;0,4108;18,2518
;;;;;21/05/2016;2,1656;2;0,444;0,641;0,4108;18,2249
;;;;;22/05/2016;0,6094;1;0,4447;0,6416;0,4116;18,2557
;;;;;23/05/2016;1,5299;2;0,4452;0,6422;0,4124;18,2552
;;;;;24/05/2016;3,3779;3;0,4451;0,6424;0,4127;18,2392
;;;;;25/05/2016;2,8103;3;0,4444;0,6421;0,4123;18,105
;;;;;26/05/2016;2,9067;3;0,4428;0,6403;0,41;18,105
;;;;;27/05/2016;4,0991;4;0,4431;0,6408;0,4106;18,1121
;;;;;28/05/2016;2,1927;2;0,4437;0,6414;0,4114;18,144
;;;;;29/05/2016;0,6188;1;0,4444;0,6421;0,4123;18,175
Area_68;Zona_22;Sottoarea_11;45,51633745;7,58600771;20/05/2016;2,0832;2;0,2423;0,3607;0,1301;14,8665
;;;;;21/05/2016;1,3633;1;0,2417;0,3602;0,1297;14,8665
;;;;;22/05/2016;0,1808;0;0,2415;0,3602;0,1298;14,8234
;;;;;23/05/2016;0,9268;1;0,2418;0,3606;0,13;14,8388
;;;;;24/05/2016;1,4981;1;0,2416;0,3605;0,13;14,8388
;;;;;25/05/2016;1,3654;1;0,2419;0,3609;0,1302;14,8657
;;;;;26/05/2016;1,814;2;0,2413;0,3604;0,1299;14,8657
;;;;;27/05/2016;2,3667;2;0,2412;0,3606;0,13;14,8357
;;;;;28/05/2016;1,0533;1;0,2417;0,3609;0,1303;14,8636
;;;;;29/05/2016;0,1881;0;0,2419;0,3612;0,1305;14,883
Area_49;Zona_18;Sottoarea_110;41,96836967;12,54929089;20/05/2016;2,0404;2;0,3145;0,4894;0,2396;18,9598
;;;;;21/05/2016;1,0774;1;0,3143;0,4895;0,2396;18,8997
;;;;;22/05/2016;0,0156;0;0,3144;0,4899;0,24;18,8831
;;;;;23/05/2016;0,5536;1;0,315;0,4904;0,2405;18,9248
;;;;;24/05/2016;1,3434;1;0,3151;0,4907;0,2408;18,9127
;;;;;25/05/2016;1,8593;2;0,3149;0,4909;0,241;18,9127
;;;;;26/05/2016;2,271;2;0,3142;0,4905;0,2406;18,9127
;;;;;27/05/2016;2,07;2;0,3141;0,4907;0,2408;18,8684
;;;;;28/05/2016;1,0518;1;0,3139;0,4908;0,2409;18,813
;;;;;29/05/2016;0,0356;0;0,3142;0,4913;0,2413;18,8415
Area_49;Zona_18;Sottoarea_111;41,84841183;12,60894846;20/05/2016;8,7458;9;0,794;1,1378;1,2945;18,3876
;;;;;21/05/2016;4,5286;5;0,7915;1,1352;1,2887;18,2118
;;;;;22/05/2016;1,313;1;0,7906;1,135;1,2882;18,1183
;;;;;23/05/2016;3,3847;3;0,7921;1,1361;1,2907;18,155
;;;;;24/05/2016;7,6808;8;0,7927;1,137;1,2928;18,1593
;;;;;25/05/2016;5,6184;6;0,7913;1,1361;1,2908;18,0373
;;;;;26/05/2016;5,5453;6;0,7867;1,1291;1,2748;18,0373
;;;;;27/05/2016;9,6006;10;0,786;1,1291;1,2748;18,0156
;;;;;28/05/2016;3,8939;4;0,7838;1,127;1,2702;17,9207
;;;;;29/05/2016;1,3959;1;0,784;1,1277;1,2717;17,9289
Area_50;Zona_18;Sottoarea_112;41,913501;12,50350144;20/05/2016;2,3842;2;0,2504;0,3926;0,1542;15,8407
;;;;;21/05/2016;1,538;2;0,2498;0,3922;0,1538;15,8407
;;;;;22/05/2016;0,3005;0;0,2501;0,3926;0,1541;15,8584
;;;;;23/05/2016;0,8004;1;0,2502;0,3928;0,1543;15,8584
;;;;;24/05/2016;2,0895;2;0,2506;0,3932;0,1546;15,8584
;;;;;25/05/2016;1,5306;2;0,2511;0,3936;0,1549;15,8953
;;;;;26/05/2016;0,6264;1;0,2505;0,3933;0,1547;15,8953
;;;;;27/05/2016;1,4361;1;0,2508;0,3936;0,155;15,9064
;;;;;28/05/2016;1,1778;1;0,2511;0,394;0,1552;15,9209
;;;;;29/05/2016;0,056;0;0,2515;0,3944;0,1556;15,9572
Area_50;Zona_18;Sottoarea_113;41,8880308;12,5376749;20/05/2016;7,7148;8;0,7583;1,1146;1,2423;21,947
;;;;;21/05/2016;6,051;6;0,7566;1,1133;1,2395;21,6449
;;;;;22/05/2016;1,803;2;0,7573;1,1143;1,2416;21,6498
;;;;;23/05/2016;3,2722;3;0,7583;1,1153;1,2439;21,6647
;;;;;24/05/2016;6,3897;6;0,7597;1,1164;1,2464;21,6993
;;;;;25/05/2016;6,4565;6;0,7592;1,1167;1,247;21,5351
;;;;;26/05/2016;7,7731;8;0,7577;1,1157;1,2448;21,5351
;;;;;27/05/2016;7,9975;8;0,7572;1,1159;1,2452;21,4724
;;;;;28/05/2016;4,5019;5;0,7582;1,117;1,2476;21,5087
;;;;;29/05/2016;1,5519;2;0,7591;1,118;1,2499;21,5312
Area_51;Zona_18;Sottoarea_114;41,79143088;12,38713285;20/05/2016;6,9393;7;0,7649;1,038;1,0775;18,1204
;;;;;21/05/2016;4,2036;4;0,7623;1,0349;1,0711;17,9426
;;;;;22/05/2016;1,4002;1;0,7622;1,0353;1,0719;17,9375
;;;;;23/05/2016;3,5325;4;0,7626;1,036;1,0733;17,9446
;;;;;24/05/2016;5,8423;6;0,763;1,0368;1,0749;17,9436
;;;;;25/05/2016;6,7182;7;0,762;1,0363;1,0738;17,8493
;;;;;26/05/2016;5,8712;6;0,7593;1,0331;1,0673;17,8493
;;;;;27/05/2016;7,5036;8;0,7589;1,0332;1,0675;17,8346
;;;;;28/05/2016;4,4372;4;0,7584;1,0333;1,0677;17,8205
;;;;;29/05/2016;1,1565;1;0,759;1,0341;1,0694;17,8391
Area_51;Zona_18;Sottoarea_115;41,83022;12,49413;20/05/2016;0,7451;1;0,1708;0,2521;0,0636;17,4745
;;;;;21/05/2016;0,3499;0;0,1704;0,2518;0,0634;17,4745
;;;;;22/05/2016;0,0144;0;0,1702;0,2518;0,0634;17,4745
;;;;;23/05/2016;0,6267;1;0,1702;0,252;0,0635;17,4745
;;;;;24/05/2016;0,1923;0;0,1706;0,2522;0,0636;17,4745
;;;;;25/05/2016;0,1434;0;0,1695;0,2504;0,0627;17,4745
;;;;;26/05/2016;0,1033;0;0,1686;0,2492;0,0621;17,4745
;;;;;27/05/2016;0,2286;0;0,1682;0,2489;0,0619;17,4745
;;;;;28/05/2016;0,0767;0;0,1682;0,249;0,062;17,4745
;;;;;29/05/2016;0,0144;0;0,1681;0,2491;0,062;17,4456
Area_52;Zona_19;Sottoarea_116;40,7345388;9,326377333;20/05/2016;1,2055;1;0,1708;0,2258;0,051;11,4347
;;;;;21/05/2016;0,8481;1;0,1703;0,2251;0,0507;11,4347
;;;;;22/05/2016;0,4767;0;0,1706;0,2253;0,0508;11,4591
;;;;;23/05/2016;0,9501;1;0,1707;0,2255;0,0508;11,4591
;;;;;24/05/2016;1,0478;1;0,1704;0,2253;0,0508;11,4106
;;;;;25/05/2016;0,9804;1;0,1705;0,2254;0,0508;11,4048
;;;;;26/05/2016;1,3699;1;0,1697;0,2244;0,0503;11,4048
;;;;;27/05/2016;0,8759;1;0,1699;0,2246;0,0504;11,4184
;;;;;28/05/2016;0,8666;1;0,1698;0,2246;0,0504;11,3903
;;;;;29/05/2016;0,6367;1;0,1701;0,2248;0,0505;11,4075
Area_52;Zona_19;Sottoarea_117;39,98356954;9,160310634;20/05/2016;0,427;0;0,1294;0,1756;0,0308;25,0745
;;;;;21/05/2016;0,0817;0;0,1297;0,1757;0,0309;25,0745
;;;;;22/05/2016;0,0387;0;0,1297;0,1758;0,0309;25,0745
;;;;;23/05/2016;0,0629;0;0,1299;0,176;0,031;25,0745
;;;;;24/05/2016;0,0917;0;0,1302;0,1762;0,031;25,0745
;;;;;25/05/2016;0,3036;0;0,1304;0,1764;0,0311;25,0745
;;;;;26/05/2016;0,3703;0;0,1305;0,1765;0,0311;25,0745
;;;;;27/05/2016;0,427;0;0,1307;0,1766;0,0312;25,0745
;;;;;28/05/2016;0,0167;0;0,1309;0,1768;0,0313;25,0745
;;;;;29/05/2016;0;0;0,131;0,177;0,0313;25,0745
Area_52;Zona_19;Sottoarea_118;40,6965492;8,542722617;20/05/2016;1,6992;2;0,2089;0,2762;0,0763;12,9196
;;;;;21/05/2016;1,2495;1;0,2092;0,2764;0,0764;12,9256
;;;;;22/05/2016;0,7484;1;0,2089;0,2763;0,0763;12,9256
;;;;;23/05/2016;0,7379;1;0,2093;0,2765;0,0765;12,9511
;;;;;24/05/2016;1,4816;1;0,2095;0,2768;0,0766;12,9585
;;;;;25/05/2016;1,7526;2;0,2093;0,2768;0,0766;12,9585
;;;;;26/05/2016;1,8567;2;0,2085;0,2757;0,076;12,9585
;;;;;27/05/2016;1,7958;2;0,2086;0,2759;0,0761;12,9489
;;;;;28/05/2016;0,9783;1;0,2086;0,276;0,0762;12,9264
;;;;;29/05/2016;0,7903;1;0,2089;0,2762;0,0763;12,9406
Area_53;Zona_19;Sottoarea_119;39,89445102;8,724187817;20/05/2016;0,2123;0;0,1198;0,1663;0,0277;24,095
;;;;;21/05/2016;0,0067;0;0,1199;0,1664;0,0277;24,095
;;;;;22/05/2016;0,0033;0;0,12;0,1666;0,0277;24,095
;;;;;23/05/2016;0,008;0;0,1201;0,1667;0,0278;24,095
;;;;;24/05/2016;0,4433;0;0,1203;0,1669;0,0279;24,095
;;;;;25/05/2016;0,4798;0;0,1205;0,167;0,0279;24,095
;;;;;26/05/2016;0,6033;1;0,1206;0,1672;0,0279;24,095
;;;;;27/05/2016;0,5119;1;0,1203;0,167;0,0279;24,095
;;;;;28/05/2016;0,0033;0;0,1203;0,167;0,0279;24,095
;;;;;29/05/2016;0;0;0,1203;0,1671;0,0279;24,095
Area_68;Zona_22;Sottoarea_12;45,18163759;7,806423795;20/05/2016;1,731;2;0,3429;0,5039;0,2539;18,3461
;;;;;21/05/2016;2,2679;2;0,3423;0,5036;0,2536;18,3461
;;;;;22/05/2016;0,3849;0;0,3428;0,5041;0,2541;18,3708
;;;;;23/05/2016;0,5268;1;0,3432;0,5045;0,2545;18,3725
;;;;;24/05/2016;2,4971;2;0,3435;0,505;0,255;18,3725
;;;;;25/05/2016;2,6091;3;0,3437;0,5054;0,2554;18,3585
;;;;;26/05/2016;2,6056;3;0,343;0,5049;0,2549;18,3585
;;;;;27/05/2016;2,1955;2;0,3429;0,5051;0,2551;18,3112
;;;;;28/05/2016;1,5595;2;0,3432;0,5055;0,2556;18,3113
;;;;;29/05/2016;0,1767;0;0,3439;0,5061;0,2561;18,345
Area_53;Zona_19;Sottoarea_120;39,3089657;8,963801333;20/05/2016;4,3568;4;0,4552;0,5924;0,3509;16,4058
;;;;;21/05/2016;5,3112;5;0,4547;0,5921;0,3506;16,2928
;;;;;22/05/2016;2,0695;2;0,4555;0,5927;0,3513;16,3223
;;;;;23/05/2016;2,5654;3;0,456;0,5932;0,3519;16,333
;;;;;24/05/2016;4,1385;4;0,456;0,5935;0,3522;16,3351
;;;;;25/05/2016;5,0168;5;0,4556;0,5934;0,3521;16,3021
;;;;;26/05/2016;4,9935;5;0,4538;0,5909;0,3492;16,3021
;;;;;27/05/2016;4,4762;4;0,4526;0,5896;0,3477;16,1159
;;;;;28/05/2016;3,5973;4;0,4532;0,5902;0,3483;16,1382
;;;;;29/05/2016;2,0573;2;0,4541;0,5908;0,349;16,172
Area_59;Zona_21;Sottoarea_121;37,85570108;12,72392368;20/05/2016;7,4472;7;0,4566;0,6122;0,3748;17,0108
;;;;;21/05/2016;3,8207;4;0,4544;0,6088;0,3706;16,7103
;;;;;22/05/2016;1,4729;1;0,4543;0,609;0,3708;16,6921
;;;;;23/05/2016;1,5392;2;0,4545;0,6094;0,3713;16,7038
;;;;;24/05/2016;5,3021;5;0,4547;0,6097;0,3718;16,6572
;;;;;25/05/2016;5,1235;5;0,4539;0,6092;0,3711;16,6006
;;;;;26/05/2016;6,0568;6;0,4517;0,6058;0,367;16,6006
;;;;;27/05/2016;6,8935;7;0,4524;0,6064;0,3678;16,6303
;;;;;28/05/2016;3,6472;4;0,4525;0,6068;0,3682;16,6378
;;;;;29/05/2016;0,9245;1;0,4527;0,6071;0,3686;16,6313
Area_59;Zona_21;Sottoarea_122;38,12482906;13,16621494;20/05/2016;3,2213;3;0,2333;0,3199;0,1023;15,7885
;;;;;21/05/2016;1,9625;2;0,2324;0,3189;0,1017;15,7885
;;;;;22/05/2016;0,2702;0;0,2328;0,3192;0,1019;15,8168
;;;;;23/05/2016;1,2955;1;0,233;0,3195;0,1021;15,8171
;;;;;24/05/2016;2,7466;3;0,2331;0,3197;0,1022;15,8171
;;;;;25/05/2016;2,0485;2;0,2333;0,32;0,1024;15,8348
;;;;;26/05/2016;2,1857;2;0,2324;0,3187;0,1016;15,8348
;;;;;27/05/2016;3,1548;3;0,2325;0,3189;0,1017;15,8321
;;;;;28/05/2016;1,9771;2;0,2325;0,3191;0,1018;15,8119
;;;;;29/05/2016;0,2589;0;0,2329;0,3194;0,102;15,8461
Area_62;Zona_23;Sottoarea_123;43,95156165;11,33715451;20/05/2016;1,9202;2;0,2614;0,3697;0,1367;15,6286
;;;;;21/05/2016;1,7797;2;0,2618;0,3701;0,137;15,6534
;;;;;22/05/2016;0,2696;0;0,2621;0,3704;0,1372;15,6649
;;;;;23/05/2016;1,4066;1;0,2621;0,3706;0,1374;15,6423
;;;;;24/05/2016;2,3127;2;0,2626;0,371;0,1376;15,6423
;;;;;25/05/2016;2,0519;2;0,2625;0,3711;0,1377;15,6065
;;;;;26/05/2016;3,968;4;0,2615;0,3699;0,1368;15,6065
;;;;;27/05/2016;1,9202;2;0,2613;0,3698;0,1368;15,6125
;;;;;28/05/2016;1,6694;2;0,2616;0,3702;0,137;15,6393
;;;;;29/05/2016;0,1368;0;0,2617;0,3704;0,1372;15,651
Area_62;Zona_23;Sottoarea_124;43,72651923;11,35475385;20/05/2016;3,2829;3;0,3362;0,4539;0,206;15,4272
;;;;;21/05/2016;1,8608;2;0,3348;0,452;0,2043;15,4272
;;;;;22/05/2016;0,2973;0;0,3342;0,4515;0,2039;15,4253
;;;;;23/05/2016;1,7212;2;0,3348;0,452;0,2043;15,4549
;;;;;24/05/2016;3,2863;3;0,3353;0,4524;0,2046;15,4602
;;;;;25/05/2016;3,5548;4;0,3355;0,4527;0,205;15,4507
;;;;;26/05/2016;3,0122;3;0,3345;0,4517;0,204;15,4507
;;;;;27/05/2016;3,5891;4;0,3328;0,4488;0,2014;15,4401
;;;;;28/05/2016;2,1903;2;0,3302;0,4436;0,1968;15,4243
;;;;;29/05/2016;0,9224;1;0,3303;0,4439;0,197;15,4354
Area_63;Zona_23;Sottoarea_125;43,87888163;11,09766439;20/05/2016;4,2283;4;0,3582;0,4746;0,2253;15,7387
;;;;;21/05/2016;2,4527;2;0,3574;0,4739;0,2245;15,6091
;;;;;22/05/2016;0,72;1;0,3573;0,474;0,2247;15,6008
;;;;;23/05/2016;2,1413;2;0,3574;0,4742;0,2249;15,5979
;;;;;24/05/2016;3,0922;3;0,3576;0,4746;0,2253;15,5863
;;;;;25/05/2016;4,1234;4;0,3579;0,475;0,2256;15,5943
;;;;;26/05/2016;4,0048;4;0,3562;0,4724;0,2232;15,5943
;;;;;27/05/2016;3,5508;4;0,3561;0,4725;0,2233;15,583
;;;;;28/05/2016;2,5165;3;0,3567;0,473;0,2237;15,6134
;;;;;29/05/2016;0,8162;1;0,3558;0,4721;0,2228;15,6179
Area_63;Zona_23;Sottoarea_126;43,95093805;10,85626816;20/05/2016;3,6163;4;0,3493;0,4858;0,236;17,0835
;;;;;21/05/2016;2,0992;2;0,3487;0,4854;0,2356;17,0835
;;;;;22/05/2016;0,7167;1;0,3488;0,4857;0,2359;17,056
;;;;;23/05/2016;1,6733;2;0,3492;0,4861;0,2363;17,0551
;;;;;24/05/2016;2,3366;2;0,3494;0,4865;0,2367;17,0409
;;;;;25/05/2016;2,7815;3;0,3489;0,4863;0,2365;16,9505
;;;;;26/05/2016;3,7121;4;0,348;0,4855;0,2357;16,9505
;;;;;27/05/2016;3,7348;4;0,3486;0,486;0,2362;16,9803
;;;;;28/05/2016;1,8566;2;0,3482;0,4859;0,2361;16,9794
;;;;;29/05/2016;0,4698;0;0,3478;0,4857;0,2359;16,9735
Area_64;Zona_23;Sottoarea_127;43,47084308;11,68382054;20/05/2016;3,0644;3;0,3921;0,5177;0,268;16,3415
;;;;;21/05/2016;2,4023;2;0,3895;0,5127;0,2629;16,3415
;;;;;22/05/2016;0,3497;0;0,3887;0,512;0,2622;16,2906
;;;;;23/05/2016;2,5664;3;0,3893;0,5125;0,2627;16,3051
;;;;;24/05/2016;2,7671;3;0,3899;0,513;0,2632;16,3229
;;;;;25/05/2016;3,4426;3;0,3898;0,5131;0,2633;16,326
;;;;;26/05/2016;3,4685;3;0,3881;0,5106;0,2607;16,326
;;;;;27/05/2016;3,6426;4;0,3884;0,511;0,2612;16,3452
;;;;;28/05/2016;1,9525;2;0,3878;0,5106;0,2607;16,3505
;;;;;29/05/2016;0,3069;0;0,3829;0,4953;0,2453;16,3246
Area_64;Zona_23;Sottoarea_128;43,09173799;11,5484396;20/05/2016;0,6733;1;0,1554;0,2089;0,0436;14,3279
;;;;;21/05/2016;0,6262;1;0,1555;0,2091;0,0437;14,3279
;;;;;22/05/2016;0,1397;0;0,1552;0,2089;0,0436;14,3279
;;;;;23/05/2016;0,5887;1;0,1554;0,2091;0,0437;14,3279
;;;;;24/05/2016;0,8867;1;0,1556;0,2093;0,0438;14,3279
;;;;;25/05/2016;0,863;1;0,1552;0,2089;0,0436;14,2438
;;;;;26/05/2016;0,5855;1;0,1548;0,2086;0,0435;14,2438
;;;;;27/05/2016;0,3683;0;0,1551;0,2088;0,0436;14,2914
;;;;;28/05/2016;0,483;0;0,1551;0,2089;0,0437;14,3011
;;;;;29/05/2016;0,0995;0;0,1549;0,2088;0,0436;14,2449
Area_65;Zona_24;Sottoarea_129;43,57268863;10,5132641;20/05/2016;3,9365;4;0,4654;0,7805;0,6091;16,4845
;;;;;21/05/2016;2,6973;3;0,4642;0,7798;0,6081;16,2898
;;;;;22/05/2016;0,5338;1;0,4634;0,7796;0,6078;16,1394
;;;;;23/05/2016;3,4243;3;0,4638;0,7803;0,6089;16,1446
;;;;;24/05/2016;3,4026;3;0,4645;0,7811;0,61;16,1559
;;;;;25/05/2016;3,5375;4;0,4646;0,7816;0,611;16,1485
;;;;;26/05/2016;3,3983;3;0,4631;0,7805;0,6091;16,1485
;;;;;27/05/2016;3,3272;3;0,464;0,7812;0,6103;16,1831
;;;;;28/05/2016;2,5998;3;0,4638;0,7816;0,611;16,1593
;;;;;29/05/2016;0,6745;1;0,4647;0,7824;0,6122;16,1921
Area_45;Zona_17;Sottoarea_13;41,00475367;16,99611933;20/05/2016;6,3908;6;0,6218;0,8566;0,7337;17,0388
;;;;;21/05/2016;4,335;4;0,62;0,8547;0,7305;16,755
;;;;;22/05/2016;1,0143;1;0,6206;0,8554;0,7317;16,7716
;;;;;23/05/2016;2,4185;2;0,6214;0,8562;0,7331;16,791
;;;;;24/05/2016;6,9445;7;0,6222;0,857;0,7345;16,8074
;;;;;25/05/2016;5,0672;5;0,6226;0,8577;0,7356;16,813
;;;;;26/05/2016;7,6383;8;0,6198;0,8537;0,7288;16,813
;;;;;27/05/2016;6,9069;7;0,6209;0,8546;0,7303;16,8456
;;;;;28/05/2016;4,289;4;0,6212;0,8551;0,7312;16,8545
;;;;;29/05/2016;1,2559;1;0,6224;0,856;0,7327;16,8889
Area_66;Zona_24;Sottoarea_130;43,99872786;10,36628826;20/05/2016;4,0376;4;0,3615;0,4819;0,2322;15,1726
;;;;;21/05/2016;2,9799;3;0,3607;0,4811;0,2315;15,0377
;;;;;22/05/2016;0,4196;0;0,3602;0,4809;0,2312;15,0065
;;;;;23/05/2016;2,1555;2;0,3609;0,4813;0,2317;15,0383
;;;;;24/05/2016;3,7543;4;0,3616;0,4818;0,2321;15,0678
;;;;;25/05/2016;3,3131;3;0,3619;0,4822;0,2325;15,0559
;;;;;26/05/2016;2,6198;3;0,3607;0,4808;0,2312;15,0559
;;;;;27/05/2016;3,5963;4;0,3607;0,4809;0,2313;15,045
;;;;;28/05/2016;2,6107;3;0,3612;0,4814;0,2318;15,0721
;;;;;29/05/2016;0,3419;0;0,3617;0,4818;0,2322;15,0945
Area_67;Zona_24;Sottoarea_131;43,06817832;10,96374015;20/05/2016;5,233;5;0,4156;0,5579;0,3113;15,2954
;;;;;21/05/2016;5,5935;6;0,4128;0,5523;0,3051;15,2954
;;;;;22/05/2016;1,1355;1;0,4128;0,5526;0,3054;15,3009
;;;;;23/05/2016;3,1318;3;0,4134;0,5531;0,306;15,3237
;;;;;24/05/2016;5,8171;6;0,4137;0,5535;0,3064;15,3237
;;;;;25/05/2016;5,2124;5;0,4143;0,5541;0,307;15,3499
;;;;;26/05/2016;3,6695;4;0,4128;0,5523;0,305;15,3499
;;;;;27/05/2016;5,0775;5;0,4127;0,5524;0,3051;15,3291
;;;;;28/05/2016;5,5814;6;0,4109;0,55;0,3025;15,323
;;;;;29/05/2016;1,3206;1;0,405;0,5297;0,2806;15,2954
Area_69;Zona_22;Sottoarea_132;45,07034118;7,693323636;20/05/2016;2,5697;3;0,2795;0,3643;0,1327;15,8962
;;;;;21/05/2016;2,233;2;0,2792;0,3642;0,1326;15,8962
;;;;;22/05/2016;0,7674;1;0,2792;0,3643;0,1327;15,8599
;;;;;23/05/2016;0,6839;1;0,2795;0,3646;0,1329;15,8665
;;;;;24/05/2016;2,166;2;0,2796;0,3648;0,1331;15,8552
;;;;;25/05/2016;2,5284;3;0,2799;0,3652;0,1333;15,862
;;;;;26/05/2016;2,4433;2;0,2795;0,3648;0,1331;15,862
;;;;;27/05/2016;2,1345;2;0,2796;0,3651;0,1333;15,8515
;;;;;28/05/2016;1,9017;2;0,2801;0,3654;0,1335;15,8765
;;;;;29/05/2016;0,6512;1;0,2799;0,3655;0,1336;15,8355
Area_69;Zona_22;Sottoarea_133;45,06111443;7,649409643;20/05/2016;3,8187;4;0,3243;0,4426;0,1959;14,7268
;;;;;21/05/2016;1,8754;2;0,3233;0,4414;0,1948;14,7268
;;;;;22/05/2016;1,3083;1;0,3229;0,4412;0,1947;14,6464
;;;;;23/05/2016;1,6341;2;0,3234;0,4417;0,1951;14,6679
;;;;;24/05/2016;2,6293;3;0,3238;0,4421;0,1954;14,6759
;;;;;25/05/2016;3,6511;4;0,3242;0,4425;0,1958;14,6922
;;;;;26/05/2016;3,2981;3;0,323;0,441;0,1945;14,6922
;;;;;27/05/2016;3,5386;4;0,3225;0,4407;0,1942;14,6021
;;;;;28/05/2016;2,2822;2;0,323;0,4412;0,1946;14,6251
;;;;;29/05/2016;1,1097;1;0,3231;0,4414;0,1948;14,626
Area_70;Zona_22;Sottoarea_134;45,00864708;7,715593692;20/05/2016;0,8738;1;0,1876;0,2751;0,0757;12,0163
;;;;;21/05/2016;1,0867;1;0,1878;0,2753;0,0758;12,0163
;;;;;22/05/2016;0,0837;0;0,1877;0,2754;0,0759;12,0163
;;;;;23/05/2016;0,576;1;0,1878;0,2756;0,076;12,0029
;;;;;24/05/2016;1,0498;1;0,1876;0,2756;0,0759;11,9575
;;;;;25/05/2016;0,9672;1;0,1875;0,2757;0,076;11,9575
;;;;;26/05/2016;1,0733;1;0,1872;0,2756;0,0759;11,9575
;;;;;27/05/2016;1,0183;1;0,1869;0,2754;0,0758;11,9575
;;;;;28/05/2016;1,1033;1;0,187;0,2756;0,0759;11,9575
;;;;;29/05/2016;0,0437;0;0,187;0,2757;0,076;11,9427
Area_70;Zona_22;Sottoarea_135;44,98169846;7,387146097;20/05/2016;4,6468;5;0,4611;0,6735;0,4535;15,9474
;;;;;21/05/2016;4,2184;4;0,4602;0,6729;0,4528;15,7902
;;;;;22/05/2016;0,62;1;0,4605;0,6735;0,4536;15,7936
;;;;;23/05/2016;2,292;2;0,4607;0,674;0,4542;15,7882
;;;;;24/05/2016;3,4498;3;0,4613;0,6746;0,4551;15,7877
;;;;;25/05/2016;3,1561;3;0,4613;0,6749;0,4555;15,7699
;;;;;26/05/2016;4,1219;4;0,46;0,6738;0,454;15,7699
;;;;;27/05/2016;5,4997;5;0,4601;0,6742;0,4546;15,774
;;;;;28/05/2016;4,1649;4;0,4604;0,6748;0,4553;15,7866
;;;;;29/05/2016;0,5417;1;0,4612;0,6754;0,4562;15,8136
Area_70;Zona_22;Sottoarea_136;45,041467;7,590214;20/05/2016;1,3016;1;0,2282;0,3901;0,1522;14,1124
;;;;;21/05/2016;1,1099;1;0,2284;0,3905;0,1525;14,1124
;;;;;22/05/2016;0,0556;0;0,2284;0,3907;0,1527;14,1124
;;;;;23/05/2016;0,8828;1;0,2288;0,3911;0,153;14,1124
;;;;;24/05/2016;0,6208;1;0,2292;0,3915;0,1533;14,1124
;;;;;25/05/2016;1,0717;1;0,2279;0,3901;0,1521;14,0751
;;;;;26/05/2016;2,1264;2;0,2275;0,39;0,1521;14,0751
;;;;;27/05/2016;1,3735;1;0,228;0,3904;0,1524;14,1079
;;;;;28/05/2016;1,0733;1;0,228;0,3906;0,1526;14,1079
;;;;;29/05/2016;0,0389;0;0,228;0,3909;0,1528;14,0857
Area_18;Zona_7;Sottoarea_137;45,70898921;12,46583113;20/05/2016;2,3015;2;0,269;0,3602;0,1297;14,7735
;;;;;21/05/2016;1,9267;2;0,268;0,3589;0,1288;14,7735
;;;;;22/05/2016;0,4205;0;0,2684;0,3593;0,1291;14,7989
;;;;;23/05/2016;1,3367;1;0,2688;0,3596;0,1293;14,8199
;;;;;24/05/2016;2,1246;2;0,2693;0,36;0,1296;14,8461
;;;;;25/05/2016;1,6371;2;0,2694;0,3602;0,1297;14,8262
;;;;;26/05/2016;1,6967;2;0,2685;0,3592;0,129;14,8262
;;;;;27/05/2016;1,7172;2;0,2686;0,3594;0,1292;14,8407
;;;;;28/05/2016;1,4892;1;0,2685;0,3595;0,1293;14,8423
;;;;;29/05/2016;0,0667;0;0,2684;0,3596;0,1293;14,7961
Area_18;Zona_7;Sottoarea_138;45,68425007;12,2588099;20/05/2016;1,956;2;0,2881;0,4093;0,1675;16,9639
;;;;;21/05/2016;2,0887;2;0,2872;0,4084;0,1668;16,9639
;;;;;22/05/2016;0,3364;0;0,2877;0,4088;0,1671;16,9906
;;;;;23/05/2016;1,0933;1;0,2882;0,4092;0,1675;17,0215
;;;;;24/05/2016;1,7266;2;0,2884;0,4096;0,1677;17,0215
;;;;;25/05/2016;1,7167;2;0,2883;0,4097;0,1678;16,977
;;;;;26/05/2016;1,9708;2;0,2872;0,4084;0,1668;16,977
;;;;;27/05/2016;2,0569;2;0,2852;0,4047;0,1637;16,9562
;;;;;28/05/2016;1,4677;1;0,2855;0,405;0,1641;16,9824
;;;;;29/05/2016;0,0133;0;0,2852;0,4049;0,164;16,9175
Area_17;Zona_7;Sottoarea_139;45,88339894;13,39875115;20/05/2016;4,2597;4;0,4458;0,6206;0,3851;16,959
;;;;;21/05/2016;3,408;3;0,4458;0,6209;0,3855;16,8998
;;;;;22/05/2016;1,9575;2;0,4462;0,6214;0,3861;16,9117
;;;;;23/05/2016;1,6376;2;0,4469;0,622;0,3869;16,9394
;;;;;24/05/2016;3,1973;3;0,4475;0,6226;0,3876;16,9348
;;;;;25/05/2016;3,1339;3;0,448;0,6231;0,3883;16,9512
;;;;;26/05/2016;4,7276;5;0,4462;0,6209;0,3855;16,9512
;;;;;27/05/2016;2,743;3;0,4467;0,6214;0,3862;16,9742
;;;;;28/05/2016;4,8731;5;0,4469;0,6219;0,3867;16,9735
;;;;;29/05/2016;1,2864;1;0,4472;0,6223;0,3873;16,9764
Area_45;Zona_17;Sottoarea_14;40,93301907;16,6620516;20/05/2016;2,2235;2;0,2376;0,3138;0,0985;14,4625
;;;;;21/05/2016;1,5137;2;0,2368;0,3127;0,0978;14,4625
;;;;;22/05/2016;0,0993;0;0,2371;0,313;0,098;14,4862
;;;;;23/05/2016;0,5551;1;0,2372;0,3132;0,0981;14,4741
;;;;;24/05/2016;1,4002;1;0,2374;0,3135;0,0983;14,4741
;;;;;25/05/2016;1,8889;2;0,2369;0,3129;0,0979;14,384
;;;;;26/05/2016;1,8908;2;0,2362;0,3122;0,0975;14,384
;;;;;27/05/2016;2,102;2;0,2366;0,3125;0,0977;14,4104
;;;;;28/05/2016;1,3267;1;0,2365;0,3126;0,0977;14,3819
;;;;;29/05/2016;0,2078;0;0,2367;0,3129;0,0979;14,3818
Area_32;Zona_12;Sottoarea_140;45,80344563;8,770605425;20/05/2016;4,5636;5;0,6415;0,9671;0,9352;17,9395
;;;;;21/05/2016;4,9971;5;0,6396;0,9655;0,9321;17,6439
;;;;;22/05/2016;0,5183;1;0,6408;0,9664;0,934;17,678
;;;;;23/05/2016;2,6463;3;0,6408;0,9669;0,9349;17,6683
;;;;;24/05/2016;3,978;4;0,6419;0,9679;0,9368;17,6892
;;;;;25/05/2016;4,0617;4;0,6407;0,9673;0,9356;17,5942
;;;;;26/05/2016;5,1754;5;0,6385;0,9652;0,9316;17,5942
;;;;;27/05/2016;5,1701;5;0,6383;0,9655;0,9322;17,5485
;;;;;28/05/2016;4,3296;4;0,6386;0,9663;0,9336;17,5688
;;;;;29/05/2016;0,6432;1;0,6396;0,9672;0,9355;17,596
Area_73;Zona_27;Sottoarea_141;45,070842;11,87875269;20/05/2016;1,09;1;0,2257;0,3565;0,1271;15,1887
;;;;;21/05/2016;0,7756;1;0,2249;0,3558;0,1266;15,1887
;;;;;22/05/2016;0,6564;1;0,2237;0,3542;0,1255;15,1596
;;;;;23/05/2016;1,02;1;0,2236;0,3544;0,1256;15,1596
;;;;;24/05/2016;1,0667;1;0,224;0,3547;0,1258;15,1596
;;;;;25/05/2016;1,374;1;0,2242;0,355;0,126;15,1628
;;;;;26/05/2016;1,2331;1;0,2238;0,3549;0,126;15,1628
;;;;;27/05/2016;1,5287;2;0,2238;0,3551;0,1261;15,1692
;;;;;28/05/2016;0,6612;1;0,2222;0,3525;0,1242;15,1443
;;;;;29/05/2016;0,6564;1;0,2216;0,3522;0,124;15,0673
Area_73;Zona_27;Sottoarea_142;45,48834668;12,17084625;20/05/2016;2,9238;3;0,3456;0,4727;0,2234;13,6326
;;;;;21/05/2016;2,7389;3;0,3455;0,4728;0,2235;13,5713
;;;;;22/05/2016;0,5939;1;0,3453;0,4728;0,2236;13,5539
;;;;;23/05/2016;2,4738;2;0,3458;0,4733;0,224;13,5722
;;;;;24/05/2016;2,5085;3;0,3464;0,4738;0,2245;13,5982
;;;;;25/05/2016;3,6024;4;0,3465;0,474;0,2247;13,5558
;;;;;26/05/2016;3,5728;4;0,3446;0,4711;0,222;13,5558
;;;;;27/05/2016;2,9177;3;0,345;0,4715;0,2224;13,5778
;;;;;28/05/2016;2,3641;2;0,345;0,4717;0,2225;13,5867
;;;;;29/05/2016;0,4356;0;0,3455;0,4722;0,2229;13,6104
Area_73;Zona_27;Sottoarea_143;45,33045939;12,33034783;20/05/2016;1,1633;1;0,1426;0,2089;0,0436;9,8349
;;;;;21/05/2016;0,6819;1;0,1425;0,2089;0,0437;9,8147
;;;;;22/05/2016;0,0467;0;0,1426;0,2091;0,0437;9,8136
;;;;;23/05/2016;0,7531;1;0,1424;0,209;0,0437;9,7759
;;;;;24/05/2016;0,3539;0;0,1425;0,2092;0,0438;9,7759
;;;;;25/05/2016;0,9054;1;0,1427;0,2094;0,0438;9,793
;;;;;26/05/2016;0,9933;1;0,142;0,2083;0,0434;9,793
;;;;;27/05/2016;1,033;1;0,1416;0,2081;0,0433;9,7771
;;;;;28/05/2016;0,7705;1;0,1418;0,2082;0,0434;9,7857
;;;;;29/05/2016;0,06;0;0,1417;0,2083;0,0434;9,7658
Area_61;Zona_25;Sottoarea_144;45,42112337;11,02696793;20/05/2016;4,8498;5;0,5973;0,8876;0,7879;15,5525
;;;;;21/05/2016;3,9815;4;0,5944;0,8838;0,781;15,5525
;;;;;22/05/2016;0,6044;1;0,5859;0,8575;0,7354;15,5253
;;;;;23/05/2016;2,9217;3;0,5866;0,8583;0,7367;15,5431
;;;;;24/05/2016;3,7374;4;0,5877;0,8592;0,7382;15,5626
;;;;;25/05/2016;6,4727;6;0,5871;0,8591;0,7381;15,549
;;;;;26/05/2016;5,6791;6;0,5845;0,8559;0,7326;15,549
;;;;;27/05/2016;5,447;5;0,5832;0,8549;0,7308;15,5522
;;;;;28/05/2016;2,5692;3;0,5834;0,8555;0,7319;15,5657
;;;;;29/05/2016;0,8968;1;0,581;0,8526;0,727;15,412
Area_74;Zona_27;Sottoarea_145;45,59725477;11,50294435;20/05/2016;4,9578;5;0,5514;0,8288;0,6869;17,2206
;;;;;21/05/2016;3,3186;3;0,5487;0,8252;0,681;16,8538
;;;;;22/05/2016;0,6234;1;0,5476;0,8245;0,6798;16,8552
;;;;;23/05/2016;2,4576;2;0,5483;0,8253;0,6811;16,8737
;;;;;24/05/2016;4,0953;4;0,5492;0,8261;0,6825;16,8851
;;;;;25/05/2016;3,9782;4;0,5501;0,8269;0,6838;16,9156
;;;;;26/05/2016;5,0825;5;0,5493;0,8267;0,6834;16,9156
;;;;;27/05/2016;5,334;5;0,5491;0,827;0,6839;16,9282
;;;;;28/05/2016;2,3032;2;0,5474;0,8255;0,6815;16,9274
;;;;;29/05/2016;0,7745;1;0,5478;0,8262;0,6826;16,9388
Area_3;Zona_2;Sottoarea_15;40,41825783;16,4805774;20/05/2016;1,6376;2;0,2236;0,4516;0,204;15,4191
;;;;;21/05/2016;0,5931;1;0,2235;0,4519;0,2042;15,4191
;;;;;22/05/2016;0,3807;0;0,2236;0,4523;0,2046;15,4191
;;;;;23/05/2016;2,35;2;0,2238;0,4527;0,205;15,4191
;;;;;24/05/2016;1,0856;1;0,2241;0,4532;0,2054;15,4191
;;;;;25/05/2016;1,3449;1;0,2239;0,4534;0,2055;15,4191
;;;;;26/05/2016;1,4911;1;0,2235;0,4534;0,2056;15,4191
;;;;;27/05/2016;2,5736;3;0,2238;0,4538;0,206;15,4459
;;;;;28/05/2016;0,56;1;0,2239;0,4542;0,2063;15,4459
;;;;;29/05/2016;0,0633;0;0,2239;0,4545;0,2066;15,4459
Area_3;Zona_2;Sottoarea_16;40,48805088;17,27661569;20/05/2016;3,8162;4;0,409;0,5556;0,3086;15,2579
;;;;;21/05/2016;2,8555;3;0,4082;0,555;0,308;15,1179
;;;;;22/05/2016;1,1534;1;0,4079;0,555;0,308;15,0934
;;;;;23/05/2016;3,0203;3;0,4087;0,5556;0,3086;15,1231
;;;;;24/05/2016;3,43;3;0,4092;0,5561;0,3092;15,1189
;;;;;25/05/2016;5,2815;5;0,4087;0,5559;0,309;15,0154
;;;;;26/05/2016;4,217;4;0,4076;0,5548;0,3078;15,0154
;;;;;27/05/2016;4,0543;4;0,4084;0,5553;0,3084;15,0477
;;;;;28/05/2016;3,0164;3;0,4079;0,5551;0,3081;15,0085
;;;;;29/05/2016;1,0595;1;0,4074;0,5548;0,3079;14,9685
Area_4;Zona_2;Sottoarea_17;40,15105659;15,91156152;20/05/2016;0,4944;0;0,1175;0,1671;0,0279;20,369
;;;;;21/05/2016;0,5382;1;0,1174;0,1672;0,0279;20,369
;;;;;22/05/2016;0,0883;0;0,1176;0,1673;0,028;20,369
;;;;;23/05/2016;0,0871;0;0,1178;0,1675;0,028;20,369
;;;;;24/05/2016;0,1539;0;0,118;0,1676;0,0281;20,369
;;;;;25/05/2016;0,1148;0;0,1179;0,1676;0,0281;20,369
;;;;;26/05/2016;0,3188;0;0,1181;0,1678;0,0282;20,369
;;;;;27/05/2016;0,4944;0;0,1179;0,1677;0,0281;20,369
;;;;;28/05/2016;0,3902;0;0,1178;0,1676;0,0281;20,369
;;;;;29/05/2016;0,1117;0;0,1179;0,1678;0,0282;20,369
Area_4;Zona_2;Sottoarea_18;40,34985576;15,25050599;20/05/2016;1,9678;2;0,2017;0,2647;0,0701;13,9763
;;;;;21/05/2016;1,5788;2;0,2007;0,2629;0,0691;13,9763
;;;;;22/05/2016;0,1206;0;0,201;0,2632;0,0693;14,004
;;;;;23/05/2016;1,5806;2;0,2008;0,2631;0,0692;14,004
;;;;;24/05/2016;1,8223;2;0,2008;0,2632;0,0693;14,004
;;;;;25/05/2016;2,2057;2;0,2012;0,2634;0,0694;14,0366
;;;;;26/05/2016;2,5162;3;0,2008;0,2631;0,0692;14,0366
;;;;;27/05/2016;2,2179;2;0,2008;0,2632;0,0693;14,0257
;;;;;28/05/2016;1,5725;2;0,2005;0,2629;0,0691;13,9724
;;;;;29/05/2016;0,1149;0;0,2008;0,2632;0,0693;14,0042
Area_4;Zona_2;Sottoarea_19;40,72423738;15,79130286;20/05/2016;2,1646;2;0,2576;0,3746;0,1403;17,8164
;;;;;21/05/2016;0,8466;1;0,2572;0,3745;0,1402;17,8164
;;;;;22/05/2016;0,0233;0;0,2575;0,3748;0,1405;17,832
;;;;;23/05/2016;0,963;1;0,2577;0,3751;0,1407;17,8413
;;;;;24/05/2016;1,4067;1;0,2579;0,3754;0,1409;17,8413
;;;;;25/05/2016;1,9394;2;0,2584;0,3758;0,1412;17,8832
;;;;;26/05/2016;1,35;1;0,2584;0,376;0,1414;17,8832
;;;;;27/05/2016;1,9598;2;0,2586;0,3763;0,1416;17,8975
;;;;;28/05/2016;0,8489;1;0,2583;0,3762;0,1415;17,8975
;;;;;29/05/2016;0,0167;0;0,2587;0,3766;0,1418;17,9318
Area_57;Zona_21;Sottoarea_2;37,33710752;13,54329624;20/05/2016;3,7223;4;0,3502;0,4775;0,228;16,0007
;;;;;21/05/2016;1,7619;2;0,3491;0,4763;0,2268;15,8396
;;;;;22/05/2016;0,5;1;0,3485;0,476;0,2266;15,7426
;;;;;23/05/2016;2,4205;2;0,3492;0,4764;0,227;15,7733
;;;;;24/05/2016;2,9195;3;0,3498;0,4769;0,2275;15,803
;;;;;25/05/2016;3,2398;3;0,3493;0,4766;0,2272;15,704
;;;;;26/05/2016;3,2361;3;0,3486;0,4761;0,2267;15,5895
;;;;;27/05/2016;2,2831;2;0,3484;0,4761;0,2267;15,5711
;;;;;28/05/2016;1,7759;2;0,3489;0,4766;0,2271;15,6005
;;;;;29/05/2016;0,5233;1;0,3491;0,4769;0,2274;15,6049
Area_15;Zona_7;Sottoarea_21;46,04522192;12,05027402;20/05/2016;3,4817;3;0,3698;0,4956;0,2456;15,9782
;;;;;21/05/2016;2,3432;2;0,3687;0,4943;0,2443;15,809
;;;;;22/05/2016;0,7721;1;0,3684;0,4942;0,2443;15,8149
;;;;;23/05/2016;1,7446;2;0,369;0,4947;0,2447;15,8424
;;;;;24/05/2016;3,4316;3;0,3697;0,4952;0,2452;15,8721
;;;;;25/05/2016;3,0401;3;0,3698;0,4955;0,2455;15,8724
;;;;;26/05/2016;3,4669;3;0,3693;0,4951;0,2451;15,7635
;;;;;27/05/2016;2,7665;3;0,3671;0,4913;0,2414;15,7526
;;;;;28/05/2016;1,8775;2;0,3647;0,487;0,2372;15,7393
;;;;;29/05/2016;0,6171;1;0,3645;0,487;0,2372;15,7236
Area_23;Zona_10;Sottoarea_22;45,81711033;9,612599481;20/05/2016;1,7108;2;0,3096;0,4676;0,2186;16,6761
;;;;;21/05/2016;1,8929;2;0,3084;0,4663;0,2175;16,5132
;;;;;22/05/2016;0,1833;0;0,3084;0,4666;0,2177;16,5275
;;;;;23/05/2016;1,0139;1;0,3089;0,4671;0,2181;16,554
;;;;;24/05/2016;1,9497;2;0,3093;0,4675;0,2185;16,5564
;;;;;25/05/2016;3,0887;3;0,3084;0,4668;0,2179;16,4288
;;;;;26/05/2016;2,5169;3;0,3073;0,4656;0,2168;16,4288
;;;;;27/05/2016;1,8302;2;0,3074;0,4659;0,2171;16,4363
;;;;;28/05/2016;1,7;2;0,3067;0,4656;0,2167;16,4026
;;;;;29/05/2016;0,1832;0;0,3063;0,4654;0,2166;16,3194
Area_23;Zona_10;Sottoarea_23;45,75019316;9,867977568;20/05/2016;2,6499;3;0,3843;0,6497;0,4221;16,0729
;;;;;21/05/2016;1,8342;2;0,3838;0,6497;0,4222;15,974
;;;;;22/05/2016;0,154;0;0,3834;0,6498;0,4223;15,9827
;;;;;23/05/2016;1,5033;2;0,3837;0,6504;0,423;15,9678
;;;;;24/05/2016;3,0537;3;0,3842;0,651;0,4238;15,9704
;;;;;25/05/2016;3,0029;3;0,3832;0,6506;0,4233;15,9441
;;;;;26/05/2016;2,6277;3;0,3818;0,6493;0,4216;15,7349
;;;;;27/05/2016;2,6643;3;0,3804;0,6483;0,4202;15,7307
;;;;;28/05/2016;1,5429;2;0,381;0,6489;0,4211;15,7545
;;;;;29/05/2016;0,32;0;0,381;0,6493;0,4216;15,747
Area_12;Zona_6;Sottoarea_24;44,41300322;11,38143627;20/05/2016;2,3215;2;0,3346;0,4844;0,2346;15,2254
;;;;;21/05/2016;2,7794;3;0,3334;0,4829;0,2332;15,0458
;;;;;22/05/2016;0,3465;0;0,3336;0,4833;0,2336;15,0644
;;;;;23/05/2016;1,7199;2;0,3339;0,4837;0,234;15,0767
;;;;;24/05/2016;2,2677;2;0,3342;0,4841;0,2344;15,0641
;;;;;25/05/2016;2,3144;2;0,3348;0,4846;0,2348;15,0951
;;;;;26/05/2016;2,4998;2;0,3331;0,4823;0,2326;15,0951
;;;;;27/05/2016;3,625;4;0,3335;0,4827;0,233;15,1198
;;;;;28/05/2016;2,1806;2;0,3339;0,4832;0,2335;15,1447
;;;;;29/05/2016;0,5662;1;0,3334;0,4829;0,2332;15,135
Area_12;Zona_6;Sottoarea_25;44,41289885;11,37344646;20/05/2016;2,9537;3;0,343;0,4854;0,2356;15,8886
;;;;;21/05/2016;2,6869;3;0,3412;0,4826;0,2329;15,8886
;;;;;22/05/2016;0,1263;0;0,3389;0,4786;0,2291;15,8696
;;;;;23/05/2016;1,7731;2;0,3393;0,479;0,2295;15,8693
;;;;;24/05/2016;2,9566;3;0,3398;0,4795;0,2299;15,8824
;;;;;25/05/2016;2,9394;3;0,3401;0,4799;0,2303;15,9056
;;;;;26/05/2016;3,7533;4;0,3371;0,4733;0,224;15,9056
;;;;;27/05/2016;2,3722;2;0,3364;0,4727;0,2235;15,9091
;;;;;28/05/2016;1,9053;2;0,3366;0,4731;0,2238;15,9296
;;;;;29/05/2016;0,2313;0;0,3371;0,4736;0,2243;15,9578
Area_60;Zona_25;Sottoarea_26;46,11339138;11,09523313;20/05/2016;3,1328;3;0,453;0,7566;0,5724;17,1499
;;;;;21/05/2016;3,7269;4;0,4521;0,7562;0,5719;16,9913
;;;;;22/05/2016;0,749;1;0,4508;0,7555;0,5707;16,9816
;;;;;23/05/2016;2,0032;2;0,4513;0,7562;0,5718;16,9956
;;;;;24/05/2016;3,3284;3;0,4517;0,7568;0,5727;16,9699
;;;;;25/05/2016;4,8609;5;0,4514;0,7571;0,5733;16,9763
;;;;;26/05/2016;3,1919;3;0,4515;0,7577;0,5741;16,9223
;;;;;27/05/2016;3,4135;3;0,4444;0,7373;0,5436;16,8977
;;;;;28/05/2016;1,2851;1;0,4448;0,7379;0,5445;16,9151
;;;;;29/05/2016;0,8845;1;0,4448;0,7384;0,5452;16,9051
Area_60;Zona_25;Sottoarea_27;46,65300245;11,45089691;20/05/2016;2,1397;2;0,3026;0,4299;0,1848;16,3806
;;;;;21/05/2016;1,5508;2;0,3012;0,4281;0,1833;16,3806
;;;;;22/05/2016;0,2465;0;0,3013;0,4284;0,1835;16,3907
;;;;;23/05/2016;1,678;2;0,3019;0,4288;0,1839;16,4227
;;;;;24/05/2016;2,0293;2;0,3022;0,4292;0,1842;16,4227
;;;;;25/05/2016;2,7679;3;0,3023;0,4295;0,1845;16,4339
;;;;;26/05/2016;2,417;2;0,3021;0,4295;0,1845;16,3781
;;;;;27/05/2016;2,3457;2;0,2993;0,4231;0,179;16,3601
;;;;;28/05/2016;1,3638;1;0,2996;0,4235;0,1794;16,389
;;;;;29/05/2016;0,24;0;0,3002;0,4239;0,1797;16,4256
Area_24;Zona_10;Sottoarea_28;45,70454611;10,26234435;20/05/2016;4,8348;5;0,551;0,7933;0,6293;15,3179
;;;;;21/05/2016;4,2843;4;0,551;0,7937;0,6299;15,2335
;;;;;22/05/2016;1,3493;1;0,5513;0,7943;0,6309;15,2389
;;;;;23/05/2016;2,4668;2;0,5517;0,7949;0,6319;15,2336
;;;;;24/05/2016;4,9386;5;0,5524;0,7957;0,6331;15,2261
;;;;;25/05/2016;4,3431;4;0,5528;0,7963;0,6341;15,2324
;;;;;26/05/2016;5,1599;5;0,5516;0,7954;0,6326;15,0176
;;;;;27/05/2016;8,7215;9;0,5508;0,7951;0,6323;14,9529
;;;;;28/05/2016;2,4567;2;0,5509;0,7956;0,6329;14,9561
;;;;;29/05/2016;1,0367;1;0,5513;0,7962;0,634;14,9646
Area_25;Zona_10;Sottoarea_29;45,23421061;10,57507977;20/05/2016;3,9753;4;0,4984;0,7709;0,5942;16,0893
;;;;;21/05/2016;3,3265;3;0,4979;0,7709;0,5943;15,9621
;;;;;22/05/2016;0,2859;0;0,4981;0,7715;0,5951;15,9541
;;;;;23/05/2016;2,7615;3;0,4986;0,7721;0,5962;15,9601
;;;;;24/05/2016;3,1771;3;0,4986;0,7726;0,5969;15,943
;;;;;25/05/2016;3,2624;3;0,4982;0,7728;0,5972;15,928
;;;;;26/05/2016;2,6745;3;0,4976;0,7727;0,5971;15,7876
;;;;;27/05/2016;5,656;6;0,4976;0,7731;0,5977;15,7836
;;;;;28/05/2016;2,1585;2;0,4984;0,7739;0,5989;15,8113
;;;;;29/05/2016;0,2854;0;0,4989;0,7746;0,6;15,8269
Area_42;Zona_16;Sottoarea_3;45,33101713;8,264631871;20/05/2016;0,7207;1;0,1385;0,192;0,0369;18,3322
;;;;;21/05/2016;0,1466;0;0,1387;0,1922;0,0369;18,3322
;;;;;22/05/2016;0,1141;0;0,1387;0,1922;0,0369;18,3322
;;;;;23/05/2016;0,1799;0;0,1389;0,1924;0,037;18,3322
;;;;;24/05/2016;0,3515;0;0,1392;0,1926;0,0371;18,3322
;;;;;25/05/2016;0,7009;1;0,1393;0,1927;0,0371;18,3322
;;;;;26/05/2016;0,1748;0;0,1392;0,1928;0,0372;18,3322
;;;;;27/05/2016;0,8111;1;0,1394;0,193;0,0372;18,4129
;;;;;28/05/2016;0,1877;0;0,1394;0,193;0,0373;18,4129
;;;;;29/05/2016;0,0758;0;0,1393;0,193;0,0373;18,4129
Area_5;Zona_3;Sottoarea_30;39,27515696;16,38652553;20/05/2016;1,759;2;0,2161;0,2768;0,0766;14,9743
;;;;;21/05/2016;1,0502;1;0,2156;0,2764;0,0764;14,9743
;;;;;22/05/2016;0,09;0;0,2159;0,2766;0,0765;14,9978
;;;;;23/05/2016;1,766;2;0,2163;0,2769;0,0767;15,0212
;;;;;24/05/2016;1,909;2;0,2162;0,2769;0,0767;14,9938
;;;;;25/05/2016;1,5466;2;0,2165;0,2772;0,0768;15,0185
;;;;;26/05/2016;1,3487;1;0,216;0,2767;0,0766;15,0185
;;;;;27/05/2016;1,8056;2;0,2161;0,2769;0,0767;15,0112
;;;;;28/05/2016;0,8888;1;0,2165;0,2772;0,0768;15,0446
;;;;;29/05/2016;0,2133;0;0,2167;0,2774;0,0769;15,0534
Area_5;Zona_3;Sottoarea_31;39,5381664;16,36638916;20/05/2016;2,6375;3;0,2777;0,3912;0,153;14,2755
;;;;;21/05/2016;2,073;2;0,2765;0,3895;0,1517;14,2755
;;;;;22/05/2016;0,6818;1;0,277;0,3899;0,152;14,3035
;;;;;23/05/2016;2,57;3;0,2774;0,3902;0,1523;14,3227
;;;;;24/05/2016;2,1166;2;0,2774;0,3904;0,1524;14,3227
;;;;;25/05/2016;2,5298;3;0,2776;0,3907;0,1527;14,3391
;;;;;26/05/2016;2,6134;3;0,2761;0,3883;0,1508;14,3391
;;;;;27/05/2016;2,4302;2;0,2757;0,3881;0,1506;14,2614
;;;;;28/05/2016;1,0767;1;0,2761;0,3884;0,1509;14,2805
;;;;;29/05/2016;0,5978;1;0,2755;0,388;0,1506;14,1856
Area_6;Zona_3;Sottoarea_33;38,95201339;16,64002115;20/05/2016;0,4734;0;0,1429;0,1842;0,0339;18,7716
;;;;;21/05/2016;0,0499;0;0,143;0,1843;0,034;18,7716
;;;;;22/05/2016;0,0133;0;0,1432;0,1845;0,034;18,7716
;;;;;23/05/2016;0,7022;1;0,1435;0,1847;0,0341;18,7716
;;;;;24/05/2016;0,2426;0;0,1437;0,1849;0,0342;18,7716
;;;;;25/05/2016;0,7313;1;0,1434;0,1846;0,0341;18,7716
;;;;;26/05/2016;0,7139;1;0,1433;0,1846;0,0341;18,7716
;;;;;27/05/2016;0,7476;1;0,1429;0,184;0,0339;18,7716
;;;;;28/05/2016;0,1217;0;0,1427;0,1839;0,0338;18,7716
;;;;;29/05/2016;0,0133;0;0,1428;0,184;0,0339;18,7716
Area_6;Zona_3;Sottoarea_34;38,66379709;16,27171094;20/05/2016;1,2409;1;0,1347;0,1956;0,0383;9,8207
;;;;;21/05/2016;0,2615;0;0,1343;0,1952;0,0381;9,8207
;;;;;22/05/2016;0,0555;0;0,1343;0,1952;0,0381;9,802
;;;;;23/05/2016;0,6867;1;0,1341;0,1952;0,0381;9,802
;;;;;24/05/2016;0,9986;1;0,1341;0,1953;0,0381;9,802
;;;;;25/05/2016;1,0261;1;0,1341;0,1954;0,0382;9,7959
;;;;;26/05/2016;1,2426;1;0,1336;0,1949;0,038;9,7959
;;;;;27/05/2016;1,2409;1;0,1333;0,1946;0,0379;9,7959
;;;;;28/05/2016;0,2567;0;0,1334;0,1948;0,0379;9,7893
;;;;;29/05/2016;0,0453;0;0,1335;0,1949;0,038;9,8071
Area_6;Zona_3;Sottoarea_35;38,22294601;15,98742763;20/05/2016;3,7697;4;0,2995;0,4472;0,2;14,8093
;;;;;21/05/2016;1,5687;2;0,298;0,4452;0,1982;14,6115
;;;;;22/05/2016;0,8559;1;0,2981;0,4455;0,1985;14,5826
;;;;;23/05/2016;2,3258;2;0,2986;0,4459;0,1988;14,6046
;;;;;24/05/2016;2,8448;3;0,2992;0,4464;0,1992;14,6356
;;;;;25/05/2016;3,0354;3;0,2994;0,4467;0,1996;14,6304
;;;;;26/05/2016;2,2196;2;0,2985;0,4458;0,1988;14,6304
;;;;;27/05/2016;3,1981;3;0,2988;0,4463;0,1991;14,6533
;;;;;28/05/2016;1,1439;1;0,2985;0,4463;0,1992;14,638
;;;;;29/05/2016;0,51;1;0,2983;0,4463;0,1992;14,5751
Area_7;Zona_4;Sottoarea_36;40,88247489;14,10812511;20/05/2016;3,1135;3;0,307;0,3948;0,1558;16,0115
;;;;;21/05/2016;2,0393;2;0,306;0,3936;0,1549;15,8735
;;;;;22/05/2016;0,9859;1;0,3059;0,3936;0,155;15,8816
;;;;;23/05/2016;2,0274;2;0,3059;0,3938;0,1551;15,8851
;;;;;24/05/2016;3,0109;3;0,3064;0,3942;0,1554;15,9028
;;;;;25/05/2016;2,6648;3;0,3059;0,3939;0,1552;15,8209
;;;;;26/05/2016;3,222;3;0,3049;0,3925;0,1541;15,8209
;;;;;27/05/2016;2,3873;2;0,3045;0,3923;0,1539;15,8007
;;;;;28/05/2016;2,0804;2;0,305;0,3926;0,1542;15,8313
;;;;;29/05/2016;0,7602;1;0,3052;0,393;0,1544;15,8473
Area_7;Zona_4;Sottoarea_37;41,18018412;14,1543351;20/05/2016;8,7707;9;0,6591;0,8818;0,7776;16,2556
;;;;;21/05/2016;6,4726;6;0,6569;0,8792;0,773;16,1056
;;;;;22/05/2016;2,2446;2;0,6566;0,8793;0,7732;16,0823
;;;;;23/05/2016;3,8828;4;0,6569;0,8799;0,7742;16,0888
;;;;;24/05/2016;7,463;7;0,6575;0,8806;0,7755;16,0878
;;;;;25/05/2016;6,8252;7;0,6559;0,879;0,7727;15,8119
;;;;;26/05/2016;7,7478;8;0,6534;0,8759;0,7671;15,4494
;;;;;27/05/2016;7,5426;8;0,653;0,8759;0,7672;15,4213
;;;;;28/05/2016;6,5566;7;0,6537;0,8767;0,7686;15,4455
;;;;;29/05/2016;1,3103;1;0,6544;0,8774;0,7699;15,4645
Area_8;Zona_4;Sottoarea_38;41,06320755;14,57516893;20/05/2016;1,6064;2;0,1915;0,2844;0,0809;13,4474
;;;;;21/05/2016;0,9252;1;0,1912;0,2841;0,0807;13,4474
;;;;;22/05/2016;0,1198;0;0,1915;0,2844;0,0809;13,4802
;;;;;23/05/2016;1,0128;1;0,1915;0,2845;0,081;13,4587
;;;;;24/05/2016;1,6211;2;0,1917;0,2848;0,0811;13,4587
;;;;;25/05/2016;1,5525;2;0,1914;0,2846;0,081;13,4587
;;;;;26/05/2016;1,3578;1;0,191;0,2844;0,0809;13,4587
;;;;;27/05/2016;1,5949;2;0,1914;0,2847;0,0811;13,4871
;;;;;28/05/2016;0,5434;1;0,1917;0,285;0,0812;13,5165
;;;;;29/05/2016;0,1233;0;0,1914;0,2849;0,0812;13,5165
Area_8;Zona_4;Sottoarea_39;41,0668097;14,82806001;20/05/2016;2,9559;3;0,3553;0,5709;0,3259;16,2022
;;;;;21/05/2016;2,4593;2;0,3551;0,5711;0,3262;16,1371
;;;;;22/05/2016;0,3285;0;0,3552;0,5715;0,3266;16,1057
;;;;;23/05/2016;1,4437;1;0,3553;0,572;0,3272;16,1117
;;;;;24/05/2016;3,8149;4;0,3558;0,5725;0,3278;16,121
;;;;;25/05/2016;4,3184;4;0,3562;0,573;0,3284;16,1231
;;;;;26/05/2016;3,1409;3;0,3552;0,5723;0,3275;16,1231
;;;;;27/05/2016;3,2645;3;0,355;0,5725;0,3278;16,0625
;;;;;28/05/2016;1,9575;2;0,3552;0,573;0,3283;16,0785
;;;;;29/05/2016;0,12;0;0,3556;0,5735;0,3289;16,0975
Area_42;Zona_16;Sottoarea_4;44,83720054;8,639266298;20/05/2016;2,1192;2;0,2297;0,3175;0,1008;14,4707
;;;;;21/05/2016;2,9869;3;0,229;0,3167;0,1003;14,4707
;;;;;22/05/2016;0,1367;0;0,2287;0,3166;0,1002;14,4172
;;;;;23/05/2016;1,0205;1;0,2291;0,3169;0,1004;14,4467
;;;;;24/05/2016;1,7854;2;0,2294;0,3172;0,1006;14,4467
;;;;;25/05/2016;2,4185;2;0,2297;0,3175;0,1008;14,4571
;;;;;26/05/2016;2,9653;3;0,2291;0,3169;0,1004;14,4571
;;;;;27/05/2016;2,2652;2;0,2291;0,3171;0,1006;14,4464
;;;;;28/05/2016;1,1268;1;0,2294;0,3174;0,1008;14,4564
;;;;;29/05/2016;0,1367;0;0,2294;0,3176;0,1009;14,464
Area_8;Zona_4;Sottoarea_40;40,93182485;14,96502532;20/05/2016;4,2435;4;0,4992;0,6878;0,4731;18,2475
;;;;;21/05/2016;2,9313;3;0,4977;0,6862;0,4709;18,0189
;;;;;22/05/2016;0,5862;1;0,4975;0,6864;0,4711;17,9321
;;;;;23/05/2016;2,2238;2;0,4981;0,687;0,472;17,9501
;;;;;24/05/2016;3,8015;4;0,4989;0,6877;0,4729;17,9669
;;;;;25/05/2016;6,8856;7;0,4983;0,6875;0,4727;17,9231
;;;;;26/05/2016;4,7708;5;0,4977;0,6872;0,4723;17,7888
;;;;;27/05/2016;4,3954;4;0,4977;0,6876;0,4728;17,7737
;;;;;28/05/2016;3,4782;3;0,4986;0,6883;0,4737;17,8088
;;;;;29/05/2016;0,893;1;0,4989;0,6888;0,4744;17,8093
Area_54;Zona_20;Sottoarea_41;37,56527895;15,0828956;20/05/2016;3,7301;4;0,3212;0,4473;0,2001;16,8143
;;;;;21/05/2016;2,1871;2;0,3205;0,4468;0,1997;16,71
;;;;;22/05/2016;0,7222;1;0,3198;0,4461;0,199;16,5878
;;;;;23/05/2016;1,9244;2;0,3195;0,4461;0,199;16,5749
;;;;;24/05/2016;2,5506;3;0,3199;0,4466;0,1994;16,5865
;;;;;25/05/2016;2,7088;3;0,3193;0,4461;0,199;16,4832
;;;;;26/05/2016;3,6494;4;0,3184;0,4452;0,1982;16,4832
;;;;;27/05/2016;3,8859;4;0,3183;0,4453;0,1983;16,4368
;;;;;28/05/2016;1,605;2;0,3176;0,4448;0,1979;16,3269
;;;;;29/05/2016;0,5526;1;0,317;0,4444;0,1975;16,2238
Area_54;Zona_20;Sottoarea_42;37,58012607;15,01785811;20/05/2016;5,3589;5;0,4798;0,6453;0,4164;15,6214
;;;;;21/05/2016;4,166;4;0,4791;0,6448;0,4158;15,5657
;;;;;22/05/2016;0,9638;1;0,4784;0,6445;0,4153;15,5125
;;;;;23/05/2016;2,4117;2;0,4793;0,6451;0,4162;15,5411
;;;;;24/05/2016;7,196;7;0,4797;0,6456;0,4168;15,5423
;;;;;25/05/2016;4,2177;4;0,4797;0,6459;0,4172;15,5282
;;;;;26/05/2016;5,2329;5;0,4785;0,6448;0,4158;15,5282
;;;;;27/05/2016;4,8544;5;0,4787;0,6452;0,4163;15,5339
;;;;;28/05/2016;3,0636;3;0,4795;0,6459;0,4171;15,5627
;;;;;29/05/2016;1,3723;1;0,4804;0,6465;0,418;15,5924
Area_31;Zona_12;Sottoarea_43;45,59330124;9,038145485;20/05/2016;7,719;8;0,7893;1,1472;1,3161;18,9431
;;;;;21/05/2016;3,8715;4;0,7892;1,1477;1,3172;18,8043
;;;;;22/05/2016;2,2399;2;0,7901;1,1487;1,3196;18,8191
;;;;;23/05/2016;3,8168;4;0,7906;1,1497;1,3217;18,8315
;;;;;24/05/2016;5,0723;5;0,7914;1,1507;1,3241;18,831
;;;;;25/05/2016;7,6835;8;0,7918;1,1515;1,326;18,8064
;;;;;26/05/2016;7,9945;8;0,7903;1,1506;1,3239;18,5216
;;;;;27/05/2016;6,9011;7;0,7894;1,1504;1,3234;18,4266
;;;;;28/05/2016;3,8789;4;0,7908;1,1515;1,326;18,4632
;;;;;29/05/2016;1,2813;1;0,7907;1,1521;1,3273;18,4428
Area_31;Zona_12;Sottoarea_44;45,55204196;8,938110957;20/05/2016;3,2761;3;0,3699;0,5971;0,3566;16,6214
;;;;;21/05/2016;4,0259;4;0,3686;0,596;0,3552;16,4343
;;;;;22/05/2016;0,5331;1;0,3678;0,5956;0,3547;16,3013
;;;;;23/05/2016;1,5755;2;0,3677;0,5959;0,3551;16,2961
;;;;;24/05/2016;2,2717;2;0,3682;0,5965;0,3558;16,2978
;;;;;25/05/2016;3,0099;3;0,3675;0,5963;0,3556;16,1813
;;;;;26/05/2016;3,38;3;0,3657;0,5941;0,353;16,1813
;;;;;27/05/2016;3,0507;3;0,3658;0,5946;0,3535;16,1812
;;;;;28/05/2016;2,8;3;0,3664;0,5951;0,3542;16,2125
;;;;;29/05/2016;0,7254;1;0,3665;0,5956;0,3547;16,2135
Area_29;Zona_11;Sottoarea_45;46,05227992;9,490785107;20/05/2016;3,3676;3;0,3609;0,5996;0,3595;16,6092
;;;;;21/05/2016;1,7511;2;0,3598;0,5988;0,3586;16,4424
;;;;;22/05/2016;0,2507;0;0,3573;0,5949;0,3539;16,4268
;;;;;23/05/2016;1,4362;1;0,3579;0,5955;0,3546;16,457
;;;;;24/05/2016;2,3429;2;0,358;0,596;0,3552;16,4293
;;;;;25/05/2016;2,0509;2;0,3582;0,5964;0,3557;16,4321
;;;;;26/05/2016;1,5966;2;0,358;0,5967;0,356;16,3683
;;;;;27/05/2016;3,3531;3;0,3586;0,5973;0,3567;16,4035
;;;;;28/05/2016;1,52;2;0,3593;0,5979;0,3574;16,4385
;;;;;29/05/2016;0,2088;0;0,359;0,598;0,3576;16,4173
Area_29;Zona_11;Sottoarea_46;45,76197573;9,153925127;20/05/2016;3,4311;3;0,5311;1,3558;1,8382;18,1754
;;;;;21/05/2016;2,4976;2;0,5308;1,3568;1,8408;18,0614
;;;;;22/05/2016;0,3929;0;0,5318;1,3581;1,8445;18,1002
;;;;;23/05/2016;2,0798;2;0,5328;1,3595;1,8482;18,1384
;;;;;24/05/2016;3,8934;4;0,5333;1,3608;1,8517;18,1157
;;;;;25/05/2016;3,1048;3;0,5294;1,3576;1,843;17,8833
;;;;;26/05/2016;3,5107;4;0,5271;1,3569;1,8411;17,8833
;;;;;27/05/2016;3,605;4;0,5259;1,3573;1,8423;17,8003
;;;;;28/05/2016;1,6621;2;0,5263;1,3586;1,8457;17,8212
;;;;;29/05/2016;0,49;0;0,5259;1,3595;1,8484;17,7792
Area_43;Zona_16;Sottoarea_47;44,55935863;7,823977973;20/05/2016;1,433;1;0,197;0,2591;0,0671;13,6359
;;;;;21/05/2016;0,6166;1;0,1964;0,2583;0,0667;13,6359
;;;;;22/05/2016;0,0331;0;0,1965;0,2585;0,0668;13,6316
;;;;;23/05/2016;1,0152;1;0,1964;0,2585;0,0668;13,6098
;;;;;24/05/2016;1,0288;1;0,1967;0,2588;0,067;13,6098
;;;;;25/05/2016;1,5381;2;0,197;0,259;0,0671;13,6369
;;;;;26/05/2016;1,5802;2;0,1963;0,2581;0,0666;13,6369
;;;;;27/05/2016;1,6162;2;0,196;0,2579;0,0665;13,5876
;;;;;28/05/2016;0,5763;1;0,1962;0,2581;0,0666;13,5927
;;;;;29/05/2016;0,1312;0;0,1965;0,2584;0,0668;13,6156
Area_43;Zona_16;Sottoarea_48;44,39436736;7,444985475;20/05/2016;0,4649;0;0,1645;0,2617;0,0685;15,5263
;;;;;21/05/2016;0,1797;0;0,1644;0,2618;0,0685;15,5263
;;;;;22/05/2016;0,0245;0;0,1642;0,2618;0,0685;15,5263
;;;;;23/05/2016;0,1933;0;0,1644;0,2621;0,0687;15,5263
;;;;;24/05/2016;1,0864;1;0,1647;0,2623;0,0688;15,5263
;;;;;25/05/2016;0,2781;0;0,1644;0,2621;0,0687;15,4475
;;;;;26/05/2016;0,5904;1;0,1642;0,2622;0,0687;15,4475
;;;;;27/05/2016;0,5354;1;0,1638;0,262;0,0686;15,4475
;;;;;28/05/2016;0,4501;0;0,1638;0,2621;0,0687;15,4425
;;;;;29/05/2016;0,0473;0;0,164;0,2624;0,0688;15,48
Area_43;Zona_16;Sottoarea_49;44,8974384;8,199256215;20/05/2016;0,7419;1;0,1544;0,2198;0,0483;12,0371
;;;;;21/05/2016;0,3888;0;0,154;0,2194;0,0481;12,0371
;;;;;22/05/2016;0,0159;0;0,1542;0,2196;0,0482;12,0624
;;;;;23/05/2016;0,3198;0;0,1545;0,2198;0,0483;12,0624
;;;;;24/05/2016;0,7503;1;0,1549;0,2201;0,0484;12,0624
;;;;;25/05/2016;0,8183;1;0,155;0,2203;0,0485;12,0624
;;;;;26/05/2016;0,3236;0;0,1547;0,22;0,0484;12,0624
;;;;;27/05/2016;0,8467;1;0,1548;0,2202;0,0485;12,0735
;;;;;28/05/2016;0,08;0;0,1546;0,2201;0,0484;12,0735
;;;;;29/05/2016;0,0081;0;0,1541;0,2195;0,0482;12,0735
Area_1;Zona_1;Sottoarea_5;42,49907296;13,76170831;20/05/2016;3,5569;4;0,4556;0,622;0,3869;17,6279
;;;;;21/05/2016;2,2661;2;0,454;0,6203;0,3847;17,4043
;;;;;22/05/2016;0,6233;1;0,4541;0,6206;0,3852;17,4126
;;;;;23/05/2016;2,8055;3;0,4547;0,6212;0,3859;17,4305
;;;;;24/05/2016;3,2323;3;0,4547;0,6215;0,3863;17,422
;;;;;25/05/2016;3,8302;4;0,4554;0,6221;0,387;17,4505
;;;;;26/05/2016;4,0671;4;0,4524;0,6164;0,38;17,4505
;;;;;27/05/2016;4,3059;4;0,4527;0,6169;0,3806;17,4687
;;;;;28/05/2016;1,6765;2;0,4527;0,6172;0,3809;17,4804
;;;;;29/05/2016;0,9392;1;0,4535;0,6178;0,3817;17,517
Area_13;Zona_6;Sottoarea_50;44,59497577;11,91913661;20/05/2016;5,0827;5;0,572;0,8342;0,6959;18,2653
;;;;;21/05/2016;3,8045;4;0,5708;0,8334;0,6945;18,0574
;;;;;22/05/2016;1,1703;1;0,5695;0,8324;0,6928;18,043
;;;;;23/05/2016;3,7893;4;0,5698;0,833;0,6939;17,9971
;;;;;24/05/2016;5,3943;5;0,5705;0,8338;0,6952;17,9815
;;;;;25/05/2016;6,0798;6;0,5714;0,8346;0,6965;18,0124
;;;;;26/05/2016;9,9117;10;0,5706;0,8343;0,6961;18,0124
;;;;;27/05/2016;6,2504;6;0,5696;0,8338;0,6952;18,0185
;;;;;28/05/2016;2,0658;2;0,5703;0,8346;0,6965;18,0405
;;;;;29/05/2016;1,4065;1;0,5701;0,8349;0,697;18,0085
Area_46;Zona_17;Sottoarea_52;41,55185859;15,50995159;20/05/2016;3,6749;4;0,3683;0,5065;0,2565;16,0243
;;;;;21/05/2016;2,6189;3;0,3677;0,5061;0,2561;15,9099
;;;;;22/05/2016;0,4283;0;0,3674;0,506;0,2561;15,8329
;;;;;23/05/2016;1,4139;1;0,368;0,5065;0,2566;15,8625
;;;;;24/05/2016;2,5702;3;0,368;0,5067;0,2568;15,8547
;;;;;25/05/2016;2,8887;3;0,3654;0,5018;0,2518;15,7116
;;;;;26/05/2016;2,8405;3;0,3641;0,5003;0,2503;15,5289
;;;;;27/05/2016;3,5061;4;0,3647;0,5008;0,2508;15,5584
;;;;;28/05/2016;2,2486;2;0,3651;0,5013;0,2513;15,5744
;;;;;29/05/2016;0,5187;1;0,3648;0,5012;0,2512;15,5793
Area_46;Zona_17;Sottoarea_53;41,20635308;16,39459942;20/05/2016;3,5664;4;0,4102;0,5322;0,2833;16,6374
;;;;;21/05/2016;3,1108;3;0,4093;0,5313;0,2823;16,4859
;;;;;22/05/2016;1,2652;1;0,4097;0,5318;0,2828;16,5015
;;;;;23/05/2016;1,3282;1;0,4104;0,5323;0,2834;16,5287
;;;;;24/05/2016;2,8512;3;0,4106;0,5327;0,2838;16,5345
;;;;;25/05/2016;2,8956;3;0,4111;0,5332;0,2843;16,5487
;;;;;26/05/2016;3,7012;4;0,41;0,532;0,283;16,5487
;;;;;27/05/2016;3,8981;4;0,4095;0,5317;0,2827;16,5116
;;;;;28/05/2016;2,6123;3;0,4094;0,5319;0,2829;16,5014
;;;;;29/05/2016;1,0727;1;0,4091;0,5318;0,2828;16,4767
Area_19;Zona_8;Sottoarea_54;42,03267124;12,44450148;20/05/2016;2,7371;3;0,3783;0,5595;0,3131;18,559
;;;;;21/05/2016;2,206;2;0,3774;0,5589;0,3123;18,4114
;;;;;22/05/2016;0,4364;0;0,3778;0,5594;0,3129;18,4122
;;;;;23/05/2016;1,3578;1;0,3784;0,5599;0,3135;18,4349
;;;;;24/05/2016;1,315;1;0,3788;0,5604;0,314;18,434
;;;;;25/05/2016;1,6919;2;0,379;0,5608;0,3146;18,4199
;;;;;26/05/2016;1,9;2;0,3781;0,5601;0,3137;18,4199
;;;;;27/05/2016;2,3893;2;0,3737;0,549;0,3014;18,3972
;;;;;28/05/2016;1,7517;2;0,3709;0,5438;0,2957;18,3887
;;;;;29/05/2016;0,08;0;0,371;0,5441;0,2961;18,3926
Area_19;Zona_8;Sottoarea_55;42,22671993;12,87787923;20/05/2016;3,0296;3;0,3769;0,523;0,2736;16,9425
;;;;;21/05/2016;2,0074;2;0,3765;0,5229;0,2734;16,8474
;;;;;22/05/2016;0,2522;0;0,3764;0,5231;0,2736;16,7925
;;;;;23/05/2016;1,7727;2;0,3771;0,5236;0,2741;16,8254
;;;;;24/05/2016;2,3932;2;0,3776;0,5241;0,2746;16,8352
;;;;;25/05/2016;2,1767;2;0,3781;0,5246;0,2752;16,8578
;;;;;26/05/2016;3,0537;3;0,3769;0,5232;0,2738;16,8578
;;;;;27/05/2016;2,9322;3;0,3772;0,5237;0,2742;16,869
;;;;;28/05/2016;1,7892;2;0,3779;0,5242;0,2748;16,9026
;;;;;29/05/2016;0,4824;0;0,3785;0,5247;0,2753;16,9302
Area_20;Zona_8;Sottoarea_56;42,13321556;12,40597022;20/05/2016;0;0;0,0722;0,1746;0,0305;30,5435
;;;;;21/05/2016;0;0;0,0723;0,1747;0,0305;30,5435
;;;;;22/05/2016;4,00E-04;0;0,0725;0,1749;0,0306;30,5435
;;;;;23/05/2016;0;0;0,0726;0,1751;0,0307;30,5435
;;;;;24/05/2016;0,0111;0;0,0727;0,1753;0,0307;30,5435
;;;;;25/05/2016;3,00E-04;0;0,0729;0,1754;0,0308;30,5435
;;;;;26/05/2016;0,14;0;0,073;0,1756;0,0308;30,5435
;;;;;27/05/2016;0;0;0,0732;0,1758;0,0309;30,5435
;;;;;28/05/2016;0,005;0;0,0733;0,176;0,031;30,5435
;;;;;29/05/2016;0;0;0,0735;0,1761;0,031;30,5435
Area_20;Zona_8;Sottoarea_57;42,36844414;12,09577556;20/05/2016;6,39;6;0,5966;0,8325;0,693;16,1955
;;;;;21/05/2016;4,0996;4;0,5956;0,8318;0,692;15,9974
;;;;;22/05/2016;1,3786;1;0,5954;0,8321;0,6924;15,9596
;;;;;23/05/2016;3,8432;4;0,5966;0,8329;0,6938;15,9904
;;;;;24/05/2016;6,0962;6;0,5972;0,8337;0,695;15,9962
;;;;;25/05/2016;5,3402;5;0,5983;0,8345;0,6964;16,0242
;;;;;26/05/2016;7,2582;7;0,5966;0,8329;0,6937;16,0242
;;;;;27/05/2016;7,6245;8;0,5962;0,833;0,6939;15,9746
;;;;;28/05/2016;3,366;3;0,5968;0,8337;0,6951;15,9867
;;;;;29/05/2016;0,9333;1;0,5973;0,8344;0,6962;15,9956
Area_21;Zona_8;Sottoarea_58;41,52513237;13,46805246;20/05/2016;4,3166;4;0,5386;0,7923;0,6278;16,8306
;;;;;21/05/2016;2,7525;3;0,5369;0,7908;0,6254;16,8306
;;;;;22/05/2016;0,4557;0;0,5375;0,7915;0,6265;16,8384
;;;;;23/05/2016;3,077;3;0,538;0,7922;0,6276;16,8462
;;;;;24/05/2016;5,1111;5;0,5387;0,7929;0,6288;16,8462
;;;;;25/05/2016;3,4973;3;0,5396;0,7937;0,63;16,8741
;;;;;26/05/2016;3,9434;4;0,5384;0,7929;0,6286;16,8741
;;;;;27/05/2016;4,2271;4;0,5393;0,7936;0,6299;16,904
;;;;;28/05/2016;1,9952;2;0,5393;0,7941;0,6305;16,911
;;;;;29/05/2016;0,4293;0;0,54;0,7948;0,6317;16,935
Area_21;Zona_8;Sottoarea_59;41,49052331;12,90575956;20/05/2016;1,1043;1;0,2895;0,4924;0,2425;17,9061
;;;;;21/05/2016;0,7984;1;0,2893;0,4927;0,2427;17,9061
;;;;;22/05/2016;0,0176;0;0,2895;0,4931;0,2431;17,9061
;;;;;23/05/2016;0,955;1;0,29;0,4936;0,2436;17,9061
;;;;;24/05/2016;1,5919;2;0,2903;0,494;0,2441;17,9061
;;;;;25/05/2016;1,0252;1;0,2908;0,4945;0,2446;17,9061
;;;;;26/05/2016;1,0167;1;0,2909;0,4949;0,2449;17,9061
;;;;;27/05/2016;1,0228;1;0,2907;0,4951;0,2451;17,9061
;;;;;28/05/2016;0,9511;1;0,2911;0,4956;0,2456;17,9295
;;;;;29/05/2016;0,0827;0;0,2912;0,496;0,246;17,9081
Area_1;Zona_1;Sottoarea_6;42,0110725;13,46300636;20/05/2016;0,1636;0;0,1448;0,1878;0,0353;21,585
;;;;;21/05/2016;0,2397;0;0,145;0,188;0,0353;21,585
;;;;;22/05/2016;0,0541;0;0,1451;0,1881;0,0354;21,585
;;;;;23/05/2016;0,3648;0;0,1454;0,1883;0,0355;21,585
;;;;;24/05/2016;0,1664;0;0,1457;0,1885;0,0355;21,585
;;;;;25/05/2016;0,089;0;0,1459;0,1887;0,0356;21,585
;;;;;26/05/2016;0,1386;0;0,1456;0,1883;0,0355;21,585
;;;;;27/05/2016;0,1883;0;0,1457;0,1885;0,0355;21,585
;;;;;28/05/2016;0,061;0;0,1457;0,1885;0,0355;21,585
;;;;;29/05/2016;0,1081;0;0,1459;0,1887;0,0356;21,585
Area_22;Zona_8;Sottoarea_60;41,69533953;12,75636143;20/05/2016;7,1916;7;0,6237;0,8822;0,7782;14,982
;;;;;21/05/2016;6,0428;6;0,6227;0,8816;0,7772;14,8949
;;;;;22/05/2016;1,9734;2;0,6219;0,8813;0,7767;14,8211
;;;;;23/05/2016;4,6083;5;0,6227;0,8821;0,7781;14,8349
;;;;;24/05/2016;5,9843;6;0,6239;0,883;0,7797;14,8623
;;;;;25/05/2016;5,5567;6;0,6241;0,8836;0,7807;14,8579
;;;;;26/05/2016;6,2505;6;0,6226;0,8823;0,7785;14,5989
;;;;;27/05/2016;8,1603;8;0,6228;0,8829;0,7795;14,6023
;;;;;28/05/2016;4,5756;5;0,6233;0,8836;0,7808;14,6149
;;;;;29/05/2016;1,4233;1;0,6227;0,8835;0,7806;14,5791
Area_2;Zona_1;Sottoarea_7;42,31675165;14,2181936;20/05/2016;3,1376;3;0,2628;0,5191;0,2694;16,3329
;;;;;21/05/2016;2,2432;2;0,2623;0,519;0,2694;16,3329
;;;;;22/05/2016;0,5906;1;0,2627;0,5195;0,2699;16,3658
;;;;;23/05/2016;1,7962;2;0,2631;0,52;0,2704;16,3846
;;;;;24/05/2016;2,2542;2;0,2631;0,5204;0,2708;16,357
;;;;;25/05/2016;5,2347;5;0,2632;0,5208;0,2713;16,351
;;;;;26/05/2016;3,7091;4;0,2625;0,5206;0,271;16,351
;;;;;27/05/2016;2,9549;3;0,2626;0,5211;0,2715;16,3471
;;;;;28/05/2016;2,2239;2;0,2622;0,5212;0,2716;16,3289
;;;;;29/05/2016;1,2881;1;0,2617;0,5212;0,2716;16,3039
Area_2;Zona_1;Sottoarea_8;41,81702418;14,44290954;20/05/2016;2,8766;3;0,3517;0,4756;0,2262;16,1692
;;;;;21/05/2016;2,5014;3;0,3518;0,4759;0,2265;16,135
;;;;;22/05/2016;0,4113;0;0,3523;0,4763;0,2269;16,1592
;;;;;23/05/2016;1,4844;1;0,3521;0,4764;0,227;16,1481
;;;;;24/05/2016;3,9017;4;0,3525;0,4768;0,2274;16,1458
;;;;;25/05/2016;2,4918;2;0,353;0,4773;0,2278;16,1708
;;;;;26/05/2016;2,4578;2;0,3506;0,4726;0,2233;16,1708
;;;;;27/05/2016;2,9834;3;0,3508;0,4729;0,2236;16,1783
;;;;;28/05/2016;1,6791;2;0,3502;0,4726;0,2233;16,1806
;;;;;29/05/2016;0,6707;1;0,3507;0,473;0,2238;16,2029
Area_33;Zona_13;Sottoarea_9;43,73349123;12,74171308;20/05/2016;1,9097;2;0,2268;0,2963;0,0878;14,7542
;;;;;21/05/2016;1,5282;2;0,2255;0,2941;0,0865;14,7542
;;;;;22/05/2016;0,1068;0;0,2238;0,2905;0,0844;14,7265
;;;;;23/05/2016;1,4837;1;0,2241;0,2908;0,0846;14,7398
;;;;;24/05/2016;1,538;2;0,2243;0,2911;0,0847;14,7476
;;;;;25/05/2016;1,5241;2;0,2247;0,2913;0,0849;14,7719
;;;;;26/05/2016;1,8718;2;0,2239;0,2903;0,0843;14,7719
;;;;;27/05/2016;2,056;2;0,2238;0,2903;0,0843;14,7729
;;;;;28/05/2016;0,937;1;0,2222;0,2872;0,0825;14,761
;;;;;29/05/2016;0,0913;0;0,2224;0,2875;0,0826;14,7822
Area_44;Zona_16;Sottoarea_91;45,73062652;8,356873243;20/05/2016;3,1785;3;0,426;0,7029;0,494;16,3622
;;;;;21/05/2016;1,9524;2;0,4247;0,7019;0,4926;16,3622
;;;;;22/05/2016;0,6768;1;0,4245;0,7021;0,493;16,2768
;;;;;23/05/2016;2,4145;2;0,4248;0,7028;0,4939;16,2576
;;;;;24/05/2016;3,7351;4;0,4252;0,7034;0,4948;16,2493
;;;;;25/05/2016;2,8918;3;0,4252;0,7038;0,4954;16,1914
;;;;;26/05/2016;3,7353;4;0,4238;0,7027;0,4937;16,1914
;;;;;27/05/2016;3,5885;4;0,4241;0,7032;0,4946;16,1956
;;;;;28/05/2016;1,0843;1;0,4246;0,7039;0,4955;16,2212
;;;;;29/05/2016;0,2232;0;0,4246;0,7043;0,4961;16,2069
Area_72;Zona_27;Sottoarea_92;45,29364014;11,78428915;20/05/2016;3,6648;4;0,4314;0,5882;0,346;15,5364
;;;;;21/05/2016;2,1879;2;0,4304;0,5873;0,3449;15,3684
;;;;;22/05/2016;0,6932;1;0,4281;0,5836;0,3406;15,3446
;;;;;23/05/2016;3,9335;4;0,4282;0,5839;0,341;15,3357
;;;;;24/05/2016;4,1419;4;0,4287;0,5845;0,3416;15,3338
;;;;;25/05/2016;3,9275;4;0,4294;0,585;0,3423;15,3593
;;;;;26/05/2016;3,8934;4;0,4283;0,584;0,3411;15,1822
;;;;;27/05/2016;3,7679;4;0,4281;0,5841;0,3412;15,1915
;;;;;28/05/2016;2,2594;2;0,4281;0,5844;0,3415;15,2056
;;;;;29/05/2016;1,0075;1;0,4275;0,5841;0,3411;15,1608
Area_72;Zona_27;Sottoarea_93;45,53432909;11,90681753;20/05/2016;1,6495;2;0,2033;0,3064;0,0939;13,3802
;;;;;21/05/2016;1,1486;1;0,2029;0,3061;0,0937;13,3802
;;;;;22/05/2016;0,2795;0;0,2022;0,3054;0,0933;13,366
;;;;;23/05/2016;1,5776;2;0,2025;0,3057;0,0934;13,3873
;;;;;24/05/2016;1,0403;1;0,2028;0,306;0,0936;13,3873
;;;;;25/05/2016;1,1119;1;0,2018;0,3048;0,0929;13,3873
;;;;;26/05/2016;1,43;1;0,2014;0,3045;0,0927;13,3873
;;;;;27/05/2016;1,7341;2;0,2018;0,3048;0,0929;13,4142
;;;;;28/05/2016;0,4933;0;0,2015;0,3047;0,0929;13,405
;;;;;29/05/2016;0,2164;0;0,2018;0,305;0,093;13,4309
Area_58;Zona_21;Sottoarea_94;37,92942416;13,3974827;20/05/2016;5,9035;6;0,3471;0,4683;0,2193;15,447
;;;;;21/05/2016;2,7065;3;0,3462;0,4673;0,2183;15,2956
;;;;;22/05/2016;1,52;2;0,3467;0,4677;0,2188;15,3192
;;;;;23/05/2016;2,4901;2;0,3466;0,4679;0,2189;15,3093
;;;;;24/05/2016;3,8145;4;0,3471;0,4683;0,2193;15,3234
;;;;;25/05/2016;3,5801;4;0,347;0,4685;0,2194;15,2716
;;;;;26/05/2016;4,3662;4;0,3452;0,4655;0,2166;15,2716
;;;;;27/05/2016;5,5548;6;0,345;0,4655;0,2167;15,2586
;;;;;28/05/2016;2,6329;3;0,3455;0,466;0,2171;15,2846
;;;;;29/05/2016;1,2793;1;0,3461;0,4665;0,2176;15,3166
Area_58;Zona_21;Sottoarea_95;37,95570989;13,8953884;20/05/2016;3,5265;4;0,2502;0,3389;0,1148;15,2891
;;;;;21/05/2016;2,2097;2;0,2495;0,338;0,1143;15,2891
;;;;;22/05/2016;0,8365;1;0,2497;0,3383;0,1145;15,2947
;;;;;23/05/2016;1,5618;2;0,2495;0,3383;0,1144;15,2947
;;;;;24/05/2016;2,6472;3;0,2496;0,3385;0,1146;15,2873
;;;;;25/05/2016;3,1665;3;0,25;0,3388;0,1148;15,3089
;;;;;26/05/2016;2,5843;3;0,2493;0,3382;0,1144;15,3089
;;;;;27/05/2016;3,637;4;0,2495;0,3384;0,1145;15,3026
;;;;;28/05/2016;1,9305;2;0,2496;0,3387;0,1147;15,2995
;;;;;29/05/2016;1,0097;1;0,2501;0,339;0,1149;15,3246
Area_10;Zona_5;Sottoarea_96;44,75419341;10,2350368;20/05/2016;3,5506;4;0,5286;0,8138;0,6622;21,7684
;;;;;21/05/2016;2,5872;3;0,5285;0,8141;0,6628;21,6832
;;;;;22/05/2016;0,1433;0;0,5291;0,8149;0,664;21,7086
;;;;;23/05/2016;2,813;3;0,5301;0,8157;0,6653;21,7537
;;;;;24/05/2016;3,863;4;0,5308;0,8164;0,6666;21,7525
;;;;;25/05/2016;3,6212;4;0,5307;0,8169;0,6673;21,6749
;;;;;26/05/2016;4,4361;4;0,5301;0,8169;0,6673;21,6749
;;;;;27/05/2016;6,5985;7;0,5301;0,8173;0,668;21,6009
;;;;;28/05/2016;1,7633;2;0,5309;0,8181;0,6693;21,6367
;;;;;29/05/2016;0,7067;1;0,5314;0,8189;0,6705;21,6201
Area_10;Zona_5;Sottoarea_97;44,80799549;9,71154352;20/05/2016;4,1259;4;0,256;0,4016;0,1613;15,7632
;;;;;21/05/2016;2,6114;3;0,2555;0,4014;0,1611;15,7632
;;;;;22/05/2016;1,7867;2;0,256;0,4018;0,1614;15,7972
;;;;;23/05/2016;3,4199;3;0,2563;0,4022;0,1617;15,8097
;;;;;24/05/2016;3,4163;3;0,2567;0,4025;0,162;15,8097
;;;;;25/05/2016;3,7488;4;0,2571;0,4029;0,1624;15,8333
;;;;;26/05/2016;5,5822;6;0,2571;0,4032;0,1626;15,8143
;;;;;27/05/2016;3,8661;4;0,2571;0,4034;0,1627;15,7835
;;;;;28/05/2016;2,15;2;0,2576;0,4038;0,1631;15,8198
;;;;;29/05/2016;1,7332;2;0,2578;0,4042;0,1634;15,8283
Area_71;Zona_26;Sottoarea_98;42,70943265;12,64360162;20/05/2016;1,8032;2;0,204;0,2732;0,0747;13,5661
;;;;;21/05/2016;1,7788;2;0,2036;0,2729;0,0745;13,5038
;;;;;22/05/2016;0,2367;0;0,2033;0,2727;0,0744;13,5078
;;;;;23/05/2016;1,3387;1;0,203;0,2725;0,0742;13,4945
;;;;;24/05/2016;1,2258;1;0,203;0,2726;0,0743;13,4945
;;;;;25/05/2016;1,3532;1;0,203;0,2727;0,0744;13,4729
;;;;;26/05/2016;1,8542;2;0,2019;0,2711;0,0735;13,4729
;;;;;27/05/2016;1,9451;2;0,2016;0,2708;0,0734;13,476
;;;;;28/05/2016;0,97;1;0,2013;0,2706;0,0732;13,4786
;;;;;29/05/2016;0,0367;0;0,1983;0,2601;0,0676;13,4445
Area_71;Zona_26;Sottoarea_99;43,13323234;12,36163009;20/05/2016;2,3488;2;0,2625;0,3648;0,1331;13,6721
;;;;;21/05/2016;2,9914;3;0,2601;0,3594;0,1292;13,6721
;;;;;22/05/2016;0,2096;0;0,2589;0,3575;0,1278;13,6692
;;;;;23/05/2016;1,5168;2;0,2592;0,3579;0,1281;13,6818
;;;;;24/05/2016;1,4168;1;0,2594;0,3582;0,1283;13,6764
;;;;;25/05/2016;2,4706;2;0,2598;0,3585;0,1285;13,6992
;;;;;26/05/2016;2,2033;2;0,2588;0,3573;0,1276;13,6992
;;;;;27/05/2016;2,0223;2;0,2574;0,3552;0,1261;13,6878
;;;;;28/05/2016;0,51;1;0,2559;0,3527;0,1244;13,604
;;;;;29/05/2016;0,2178;0;0,2564;0,353;0,1246;13,6324
Area_5;Zona_3;Sottoarea_32;38,84366986;16,30740736;20/05/2016;0;0;0,0075;0,0421;0,0018;38,4
;;;;;21/05/2016;0;0;0,0075;0,0421;0,0018;38,4
;;;;;22/05/2016;0;0;0,0075;0,0422;0,0018;38,4
;;;;;23/05/2016;0;0;0,0075;0,0422;0,0018;38,4
;;;;;24/05/2016;0;0;0,0075;0,0422;0,0018;38,4
;;;;;25/05/2016;0;0;0,0076;0,0423;0,0018;38,4
;;;;;26/05/2016;0;0;0,0076;0,0423;0,0018;38,4
;;;;;27/05/2016;0;0;0,0076;0,0424;0,0018;38,4
;;;;;28/05/2016;0;0;0,0076;0,0424;0,0018;38,4
;;;;;29/05/2016;0;0;0,0076;0,0424;0,0018;38,4
Area_27;Zona_9;Sottoarea_61;44,31096961;9,52927073;20/05/2016;6,2266;6;0,6127;0,9488;0,9003;16,9093
;;;;;21/05/2016;4,0643;4;0,6094;0,9443;0,8918;16,4731
;;;;;22/05/2016;1,4871;1;0,6079;0,9433;0,8899;16,3658
;;;;;23/05/2016;2,56;3;0,6089;0,9443;0,8916;16,3947
;;;;;24/05/2016;4,7871;5;0,6094;0,9451;0,8931;16,4036
;;;;;25/05/2016;4,3021;4;0,6092;0,9455;0,8939;16,3891
;;;;;26/05/2016;5,6339;6;0,605;0,9386;0,881;15,8569
;;;;;27/05/2016;8,0436;8;0,6033;0,9373;0,8786;15,7379
;;;;;28/05/2016;3,4433;3;0,6026;0,9373;0,8785;15,7204
;;;;;29/05/2016;1,2072;1;0,6031;0,9381;0,88;15,7381
Area_28;Zona_9;Sottoarea_62;44,15224228;8,177597744;20/05/2016;4,1756;4;0,4365;0,6636;0,4403;16,3984
;;;;;21/05/2016;3,876;4;0,4356;0,663;0,4396;16,2439
;;;;;22/05/2016;0,626;1;0,4356;0,6634;0,4401;16,2488
;;;;;23/05/2016;2,1425;2;0,4358;0,6639;0,4408;16,2469
;;;;;24/05/2016;2,6393;3;0,4366;0,6646;0,4416;16,2721
;;;;;25/05/2016;3,2714;3;0,4372;0,6652;0,4425;16,2985
;;;;;26/05/2016;3,9535;4;0,4354;0,6632;0,4399;16,2985
;;;;;27/05/2016;4,1693;4;0,4353;0,6635;0,4402;16,3119
;;;;;28/05/2016;3,56;4;0,4358;0,6641;0,4411;16,3351
;;;;;29/05/2016;0,663;1;0,4362;0,6647;0,4418;16,352
Area_28;Zona_9;Sottoarea_63;44,52659345;8,942896613;20/05/2016;2,4307;2;0,2064;0,282;0,0795;13,4175
;;;;;21/05/2016;1,7414;2;0,2056;0,2809;0,0789;13,4175
;;;;;22/05/2016;0,6041;1;0,2051;0,2804;0,0786;13,4175
;;;;;23/05/2016;0,5781;1;0,2054;0,2807;0,0788;13,4359
;;;;;24/05/2016;1,9603;2;0,2052;0,2807;0,0788;13,4044
;;;;;25/05/2016;2,8457;3;0,2047;0,2803;0,0785;13,4044
;;;;;26/05/2016;2,4791;2;0,2036;0,2784;0,0775;13,4044
;;;;;27/05/2016;2,1701;2;0,2036;0,2785;0,0776;13,391
;;;;;28/05/2016;1,9287;2;0,2034;0,2785;0,0776;13,3881
;;;;;29/05/2016;0,6808;1;0,2036;0,2787;0,0777;13,3853
Area_34;Zona_13;Sottoarea_64;43,11526676;13,45773228;20/05/2016;4,4454;4;0,4596;0,6233;0,3886;14,6407
;;;;;21/05/2016;4,4342;4;0,4579;0,6212;0,3859;14,3935
;;;;;22/05/2016;1,0033;1;0,4522;0,6036;0,3644;14,3651
;;;;;23/05/2016;3,0304;3;0,4528;0,6042;0,365;14,3849
;;;;;24/05/2016;4,0935;4;0,4532;0,6047;0,3657;14,3696
;;;;;25/05/2016;3,7838;4;0,4536;0,6052;0,3663;14,3856
;;;;;26/05/2016;4,4701;4;0,4507;0,5997;0,3596;14,3856
;;;;;27/05/2016;4,1475;4;0,45;0,5993;0,3591;14,3889
;;;;;28/05/2016;2,0621;2;0,4453;0,5865;0,344;14,3652
;;;;;29/05/2016;1,12;1;0,4442;0,5854;0,3427;14,3258
Area_34;Zona_13;Sottoarea_65;43,48984292;13,51013546;20/05/2016;0,3628;0;0,152;0,1943;0,0378;16,7682
;;;;;21/05/2016;0,3501;0;0,152;0,1944;0,0378;16,7682
;;;;;22/05/2016;0,0767;0;0,151;0,1924;0,037;16,6949
;;;;;23/05/2016;0,3398;0;0,1512;0,1926;0,0371;16,6949
;;;;;24/05/2016;0,84;1;0,1515;0,1928;0,0372;16,6949
;;;;;25/05/2016;0,5644;1;0,1514;0,1927;0,0371;16,6949
;;;;;26/05/2016;0,847;1;0,1515;0,1929;0,0372;16,6949
;;;;;27/05/2016;0,2464;0;0,1515;0,1929;0,0372;16,693
;;;;;28/05/2016;0,2467;0;0,1515;0,193;0,0372;16,6961
;;;;;29/05/2016;0,0676;0;0,1514;0,1929;0,0372;16,6758
Area_26;Zona_10;Sottoarea_66;45,53007872;9,41654608;20/05/2016;2,8066;3;0,3654;0,5835;0,3404;18,4981
;;;;;21/05/2016;1,2883;1;0,3654;0,5838;0,3408;18,4574
;;;;;22/05/2016;0,2267;0;0,366;0,5844;0,3415;18,4898
;;;;;23/05/2016;0,8496;1;0,3659;0,5847;0,3419;18,4872
;;;;;24/05/2016;2,2444;2;0,3666;0,5853;0,3426;18,5239
;;;;;25/05/2016;2,089;2;0,3668;0,5857;0,3431;18,5004
;;;;;26/05/2016;2,3772;2;0,365;0,5835;0,3405;18,5004
;;;;;27/05/2016;3,2898;3;0,3645;0,5835;0,3405;18,4099
;;;;;28/05/2016;1,3548;1;0,3651;0,5841;0,3412;18,4425
;;;;;29/05/2016;0,4195;0;0,3647;0,5841;0,3412;18,3564
Area_26;Zona_10;Sottoarea_67;45,27166117;9,956184893;20/05/2016;2,2885;2;0,3637;0,6629;0,4394;16,3146
;;;;;21/05/2016;1,2401;1;0,3634;0,6631;0,4397;16,235
;;;;;22/05/2016;0,1598;0;0,3629;0,6633;0,4399;16,239
;;;;;23/05/2016;1,692;2;0,3629;0,6637;0,4405;16,234
;;;;;24/05/2016;2,063;2;0,3633;0,6643;0,4413;16,2333
;;;;;25/05/2016;2,473;2;0,364;0,665;0,4422;16,2691
;;;;;26/05/2016;1,84;2;0,3641;0,6655;0,4429;16,2268
;;;;;27/05/2016;2,5268;3;0,3645;0,6661;0,4437;16,2528
;;;;;28/05/2016;1,0189;1;0,3643;0,6664;0,4441;16,2348
;;;;;29/05/2016;0,12;0;0,3642;0,6669;0,4447;16,2262
Area_55;Zona_20;Sottoarea_68;38,16890584;15,0050164;20/05/2016;1,9818;2;0,2375;0,3305;0,1092;14,7995
;;;;;21/05/2016;1,4024;1;0,2379;0,3308;0,1094;14,8191
;;;;;22/05/2016;0,4367;0;0,2383;0,3311;0,1097;14,8513
;;;;;23/05/2016;1,4482;1;0,2387;0,3315;0,1099;14,8728
;;;;;24/05/2016;1,606;2;0,2389;0,3317;0,1101;14,878
;;;;;25/05/2016;1,7875;2;0,239;0,332;0,1102;14,8717
;;;;;26/05/2016;1,7177;2;0,2392;0,3322;0,1104;14,8662
;;;;;27/05/2016;2,1422;2;0,2392;0,3324;0,1105;14,849
;;;;;28/05/2016;1,5577;2;0,2394;0,3327;0,1107;14,8522
;;;;;29/05/2016;0,5822;1;0,2393;0,3327;0,1107;14,8169
Area_55;Zona_20;Sottoarea_69;38,05824966;15,35716607;20/05/2016;2,1348;2;0,235;0,3289;0,1082;15,0919
;;;;;21/05/2016;1,4416;1;0,2349;0,329;0,1082;15,0919
;;;;;22/05/2016;0,0804;0;0,2351;0,3293;0,1084;15,0961
;;;;;23/05/2016;1,8211;2;0,2354;0,3296;0,1086;15,1172
;;;;;24/05/2016;2,0785;2;0,2356;0,3298;0,1088;15,1112
;;;;;25/05/2016;1,9476;2;0,2351;0,3295;0,1086;15,1112
;;;;;26/05/2016;1,5364;2;0,2348;0,3293;0,1085;15,1112
;;;;;27/05/2016;2,5412;3;0,2349;0,3296;0,1086;15,1027
;;;;;28/05/2016;1,0067;1;0,2348;0,3297;0,1087;15,0823
;;;;;29/05/2016;0,0467;0;0,2347;0,3297;0,1087;15,0396
Area_35;Zona_14;Sottoarea_70;45,46042444;9,195547778;20/05/2016;1,2479;1;0,1621;0,2307;0,0532;10,4519
;;;;;21/05/2016;1,2796;1;0,1616;0,2303;0,053;10,4519
;;;;;22/05/2016;0,047;0;0,1612;0,2299;0,0529;10,4519
;;;;;23/05/2016;0,442;0;0,161;0,2298;0,0528;10,4061
;;;;;24/05/2016;0,8642;1;0,1612;0,2301;0,0529;10,4061
;;;;;25/05/2016;0,2907;0;0,1608;0,2297;0,0528;10,4061
;;;;;26/05/2016;0,9817;1;0,1605;0,2294;0,0526;10,4061
;;;;;27/05/2016;1,3351;1;0,1608;0,2297;0,0527;10,4322
;;;;;28/05/2016;1,0846;1;0,161;0,2299;0,0528;10,4514
;;;;;29/05/2016;0,0901;0;0,1612;0,2301;0,0529;10,4572
Area_35;Zona_14;Sottoarea_71;45,48031483;9,1283765;20/05/2016;1,062;1;0,176;0,2664;0,071;12,5944
;;;;;21/05/2016;0,9;1;0,1758;0,2664;0,071;12,5944
;;;;;22/05/2016;0,1347;0;0,1754;0,2661;0,0708;12,5944
;;;;;23/05/2016;0,2775;0;0,1756;0,2664;0,0709;12,5944
;;;;;24/05/2016;0,4367;0;0,1758;0,2666;0,0711;12,5944
;;;;;25/05/2016;0,9102;1;0,1755;0,2665;0,071;12,5944
;;;;;26/05/2016;1,3677;1;0,1755;0,2666;0,0711;12,5944
;;;;;27/05/2016;0,9917;1;0,1755;0,2668;0,0712;12,5843
;;;;;28/05/2016;0,9075;1;0,1756;0,267;0,0713;12,5841
;;;;;29/05/2016;0,1281;0;0,1757;0,2672;0,0714;12,5806
Area_35;Zona_14;Sottoarea_72;45,45531267;9,185743;20/05/2016;0;0;0,1297;0,1703;0,029;19,7669
;;;;;21/05/2016;0,0067;0;0,1297;0,1704;0,029;19,7669
;;;;;22/05/2016;0,001;0;0,1298;0,1705;0,0291;19,7669
;;;;;23/05/2016;0;0;0,13;0,1707;0,0291;19,7669
;;;;;24/05/2016;0,1527;0;0,1303;0,1708;0,0292;19,7669
;;;;;25/05/2016;0,038;0;0,1301;0,1707;0,0292;19,7669
;;;;;26/05/2016;0,2139;0;0,1303;0,1709;0,0292;19,7669
;;;;;27/05/2016;0;0;0,1304;0,1711;0,0293;19,7669
;;;;;28/05/2016;0,0233;0;0,1305;0,1712;0,0293;19,7669
;;;;;29/05/2016;0;0;0,1307;0,1713;0,0294;19,7669
Area_36;Zona_14;Sottoarea_73;45,395908;9,1832491;20/05/2016;2,4951;2;0,3068;0,4815;0,2319;18,1123
;;;;;21/05/2016;1,6691;2;0,3062;0,4812;0,2316;18,1123
;;;;;22/05/2016;0,4297;0;0,3067;0,4817;0,232;18,1357
;;;;;23/05/2016;0,9014;1;0,3073;0,4822;0,2325;18,1777
;;;;;24/05/2016;1,5865;2;0,3074;0,4825;0,2328;18,1919
;;;;;25/05/2016;1,8049;2;0,3074;0,4829;0,2332;18,1919
;;;;;26/05/2016;2,5562;3;0,3068;0,4825;0,2328;18,1919
;;;;;27/05/2016;2,0079;2;0,307;0,4829;0,2332;18,183
;;;;;28/05/2016;1,7701;2;0,3073;0,4834;0,2336;18,1891
;;;;;29/05/2016;0,5229;1;0,3073;0,4837;0,2339;18,1651
Area_36;Zona_14;Sottoarea_74;45,42012743;8,9853806;20/05/2016;3,3637;3;0,4452;0,6252;0,3908;18,2226
;;;;;21/05/2016;3,2531;3;0,445;0,6253;0,391;18,1427
;;;;;22/05/2016;1,0844;1;0,4452;0,6257;0,3916;18,1117
;;;;;23/05/2016;1,9156;2;0,4448;0,6256;0,3914;18,1025
;;;;;24/05/2016;3,7636;4;0,4454;0,6262;0,3922;18,1152
;;;;;25/05/2016;2,8254;3;0,4449;0,6261;0,392;18,0061
;;;;;26/05/2016;2,9614;3;0,4438;0,6252;0,3908;18,0061
;;;;;27/05/2016;3,451;3;0,4435;0,6252;0,3908;17,9101
;;;;;28/05/2016;3,095;3;0,4437;0,6256;0,3914;17,9145
;;;;;29/05/2016;0,7587;1;0,4442;0,6262;0,3921;17,9401
Area_37;Zona_14;Sottoarea_75;45,26773892;9,514665032;20/05/2016;2,5235;3;0,398;0,5681;0,3228;17,223
;;;;;21/05/2016;1,9541;2;0,3983;0,5686;0,3233;17,2045
;;;;;22/05/2016;0,2467;0;0,399;0,5691;0,3239;17,238
;;;;;23/05/2016;1,3287;1;0,3991;0,5695;0,3243;17,2377
;;;;;24/05/2016;2,1474;2;0,3995;0,57;0,3249;17,2318
;;;;;25/05/2016;2,1435;2;0,3998;0,5704;0,3254;17,2091
;;;;;26/05/2016;2,8349;3;0,3997;0,5707;0,3257;17,1496
;;;;;27/05/2016;2,479;2;0,3997;0,571;0,326;17,0983
;;;;;28/05/2016;2,09;2;0,4;0,5714;0,3265;17,1115
;;;;;29/05/2016;0,5562;1;0,4007;0,572;0,3272;17,1407
Area_37;Zona_14;Sottoarea_76;45,11686115;9,068015915;20/05/2016;2,5767;3;0,3559;0,4958;0,2458;14,7415
;;;;;21/05/2016;2,0548;2;0,3557;0,4958;0,2459;14,6732
;;;;;22/05/2016;0,3491;0;0,356;0,4963;0,2463;14,6604
;;;;;23/05/2016;1,6951;2;0,3562;0,4967;0,2467;14,6679
;;;;;24/05/2016;3,0183;3;0,3565;0,497;0,247;14,6478
;;;;;25/05/2016;2,58;3;0,3563;0,4972;0,2472;14,587
;;;;;26/05/2016;3,2218;3;0,3555;0,4964;0,2464;14,4502
;;;;;27/05/2016;4,6489;5;0,3562;0,4969;0,2469;14,4809
;;;;;28/05/2016;1,6367;2;0,3562;0,4972;0,2472;14,4884
;;;;;29/05/2016;0,3449;0;0,3564;0,4975;0,2475;14,4885
Area_38;Zona_14;Sottoarea_77;45,50834843;9,246044214;20/05/2016;9,507;10;0,5448;0,937;0,878;20,4034
;;;;;21/05/2016;6,6908;7;0,5448;0,9377;0,8792;20,3318
;;;;;22/05/2016;2,2224;2;0,5452;0,9385;0,8807;20,3029
;;;;;23/05/2016;2,4984;2;0,5457;0,9393;0,8823;20,311
;;;;;24/05/2016;10,2624;10;0,5458;0,94;0,8836;20,3062
;;;;;25/05/2016;11,4058;11;0,5451;0,9401;0,8837;20,3062
;;;;;26/05/2016;6,8829;7;0,5447;0,9404;0,8843;20,3062
;;;;;27/05/2016;8,9239;9;0,5452;0,9412;0,8859;20,3173
;;;;;28/05/2016;7,6197;8;0,5453;0,9419;0,8873;20,262
;;;;;29/05/2016;2,0442;2;0,5464;0,9429;0,8891;20,3065
Area_38;Zona_14;Sottoarea_78;45,51394;9,20192;20/05/2016;0;0;0,0335;0,0927;0,0086;32,7117
;;;;;21/05/2016;0;0;0,0336;0,0927;0,0086;32,7117
;;;;;22/05/2016;0;0;0,0336;0,0928;0,0086;32,7117
;;;;;23/05/2016;0;0;0,033;0,0915;0,0084;32,5542
;;;;;24/05/2016;0;0;0,033;0,0916;0,0084;32,5542
;;;;;25/05/2016;0;0;0,0331;0,0917;0,0084;32,5542
;;;;;26/05/2016;0,0084;0;0,0331;0,0918;0,0084;32,5542
;;;;;27/05/2016;0;0;0,0332;0,0919;0,0084;32,5542
;;;;;28/05/2016;0;0;0,0332;0,092;0,0085;32,5542
;;;;;29/05/2016;0;0;0,0332;0,092;0,0085;32,5542
Area_38;Zona_14;Sottoarea_79;45,4881155;9,20217675;20/05/2016;0,7099;1;0,1638;0,2764;0,0764;14,9363
;;;;;21/05/2016;0,2656;0;0,1636;0,2764;0,0764;14,9363
;;;;;22/05/2016;0,1559;0;0,1634;0,2764;0,0764;14,9363
;;;;;23/05/2016;0,0919;0;0,1638;0,2767;0,0766;14,9363
;;;;;24/05/2016;0,4309;0;0,1641;0,277;0,0767;14,9363
;;;;;25/05/2016;0,4807;0;0,1642;0,2772;0,0769;14,9363
;;;;;26/05/2016;0,4318;0;0,164;0,2773;0,0769;14,9363
;;;;;27/05/2016;0,7475;1;0,1639;0,2774;0,0769;14,9363
;;;;;28/05/2016;0,4938;0;0,1639;0,2776;0,077;14,9318
;;;;;29/05/2016;0,1167;0;0,1637;0,2776;0,077;14,9318
Area_9;Zona_5;Sottoarea_80;44,66438295;10,98717598;20/05/2016;2,4433;2;0,3138;0,4485;0,2012;18,6022
;;;;;21/05/2016;1,9645;2;0,3127;0,4474;0,2002;18,4492
;;;;;22/05/2016;0,1034;0;0,3132;0,4478;0,2006;18,478
;;;;;23/05/2016;1,4788;1;0,3134;0,4481;0,2008;18,478
;;;;;24/05/2016;1,742;2;0,3137;0,4485;0,2012;18,478
;;;;;25/05/2016;2,0347;2;0,3143;0,449;0,2016;18,5191
;;;;;26/05/2016;3,0757;3;0,3139;0,4489;0,2015;18,5191
;;;;;27/05/2016;2,4119;2;0,3138;0,449;0,2016;18,4758
;;;;;28/05/2016;1,2132;1;0,3138;0,4493;0,2018;18,442
;;;;;29/05/2016;0,0533;0;0,3138;0,4495;0,2021;18,4137
Area_9;Zona_5;Sottoarea_81;44,63248793;10,98274483;20/05/2016;1,869;2;0,2106;0,2859;0,0817;14,0853
;;;;;21/05/2016;1,4968;1;0,2093;0,2838;0,0805;14,0853
;;;;;22/05/2016;0,4405;0;0,2085;0,2827;0,0799;13,9754
;;;;;23/05/2016;0,9491;1;0,2089;0,283;0,0801;13,9969
;;;;;24/05/2016;1,7226;2;0,2092;0,2833;0,0803;13,9969
;;;;;25/05/2016;2,1611;2;0,2092;0,2835;0,0804;13,9876
;;;;;26/05/2016;1,869;2;0,2082;0,2819;0,0795;13,9876
;;;;;27/05/2016;1,9518;2;0,208;0,2818;0,0794;13,9398
;;;;;28/05/2016;1,1633;1;0,2081;0,282;0,0795;13,9545
;;;;;29/05/2016;0,4405;0;0,2085;0,2823;0,0797;13,987
Area_9;Zona_5;Sottoarea_82;44,57736238;11,19947218;20/05/2016;1,3067;1;0,1627;0,242;0,0586;11,0768
;;;;;21/05/2016;0,523;1;0,1616;0,2403;0,0577;11,0768
;;;;;22/05/2016;0,0467;0;0,1601;0,2372;0,0562;11,0243
;;;;;23/05/2016;0,7217;1;0,16;0,2372;0,0563;11,0243
;;;;;24/05/2016;0,819;1;0,1602;0,2374;0,0564;11,0243
;;;;;25/05/2016;0,817;1;0,1605;0,2376;0,0565;11,0481
;;;;;26/05/2016;1,2801;1;0,16;0,2372;0,0563;11,0481
;;;;;27/05/2016;1,0443;1;0,1596;0,237;0,0562;11,033
;;;;;28/05/2016;0,6733;1;0,1595;0,237;0,0562;11,0329
;;;;;29/05/2016;0,0467;0;0,1586;0,2355;0,0555;10,8839
Area_30;Zona_11;Sottoarea_83;45,66533932;9,218613368;20/05/2016;2,921;3;0,4348;0,6126;0,3753;19,0094
;;;;;21/05/2016;2,8314;3;0,4352;0,6131;0,3759;18,993
;;;;;22/05/2016;0,3067;0;0,4356;0,6136;0,3766;19,0136
;;;;;23/05/2016;1,9513;2;0,4361;0,6142;0,3772;19,0064
;;;;;24/05/2016;2,4447;2;0,4368;0,6148;0,378;19,0317
;;;;;25/05/2016;3,161;3;0,4366;0,6149;0,3781;18,9537
;;;;;26/05/2016;2,615;3;0,4357;0,6143;0,3773;18,9537
;;;;;27/05/2016;4,2272;4;0,4358;0,6146;0,3778;18,9126
;;;;;28/05/2016;1,5867;2;0,4363;0,6152;0,3785;18,9107
;;;;;29/05/2016;0,3633;0;0,4371;0,6158;0,3792;18,951
Area_30;Zona_11;Sottoarea_84;45,61098139;9,326723783;20/05/2016;5,3838;5;0,6429;0,939;0,8817;19,9845
;;;;;21/05/2016;2,6367;3;0,6431;0,9396;0,8829;19,911
;;;;;22/05/2016;0,4653;0;0,6439;0,9405;0,8845;19,8939
;;;;;23/05/2016;3,234;3;0,6442;0,9412;0,8858;19,8853
;;;;;24/05/2016;4,8071;5;0,6454;0,9421;0,8875;19,9171
;;;;;25/05/2016;5,2602;5;0,6458;0,9429;0,889;19,9146
;;;;;26/05/2016;4,5851;5;0,6444;0,9419;0,8871;19,9146
;;;;;27/05/2016;5,5747;6;0,6441;0,9421;0,8876;19,7857
;;;;;28/05/2016;2,7167;3;0,645;0,943;0,8893;19,808
;;;;;29/05/2016;0,6367;1;0,6459;0,944;0,891;19,8298
Area_39;Zona_15;Sottoarea_85;40,871425;14,23877117;20/05/2016;2,7692;3;0,1985;0,2657;0,0706;12,956
;;;;;21/05/2016;1,632;2;0,1988;0,266;0,0707;12,9733
;;;;;22/05/2016;0,4199;0;0,1992;0,2662;0,0709;13,0058
;;;;;23/05/2016;0,6525;1;0,1991;0,2663;0,0709;12,9767
;;;;;24/05/2016;2,3581;2;0,1992;0,2665;0,071;12,9733
;;;;;25/05/2016;2,6365;3;0,199;0,2664;0,071;12,9733
;;;;;26/05/2016;2,4421;2;0,1981;0,2652;0,0703;12,9733
;;;;;27/05/2016;3,1091;3;0,1977;0,2648;0,0701;12,9733
;;;;;28/05/2016;1,5193;2;0,1978;0,265;0,0702;12,9756
;;;;;29/05/2016;1,0985;1;0,1969;0,2637;0,0696;12,9756
Area_39;Zona_15;Sottoarea_86;40,79113662;14,07567162;20/05/2016;6,049;6;0,4344;0,6522;0,4254;16,4841
;;;;;21/05/2016;3,2111;3;0,4334;0,6516;0,4246;16,3282
;;;;;22/05/2016;1,7235;2;0,4341;0,6523;0,4254;16,3579
;;;;;23/05/2016;2,0069;2;0,4334;0,6519;0,425;16,3497
;;;;;24/05/2016;4,7305;5;0,434;0,6525;0,4258;16,3634
;;;;;25/05/2016;5,0951;5;0,4338;0,6527;0,426;16,2789
;;;;;26/05/2016;4,8552;5;0,4325;0,6515;0,4245;16,2789
;;;;;27/05/2016;5,0562;5;0,4326;0,652;0,4251;16,2988
;;;;;28/05/2016;3,5488;4;0,433;0,6526;0,4259;16,3176
;;;;;29/05/2016;1,3394;1;0,4338;0,6532;0,4267;16,3496
Area_39;Zona_15;Sottoarea_87;40,8537444;14,2410586;20/05/2016;2,4111;2;0,207;0,2704;0,0731;14,2377
;;;;;21/05/2016;1,526;2;0,2068;0,2703;0,073;14,1917
;;;;;22/05/2016;0,4271;0;0,2068;0,2704;0,0731;14,2028
;;;;;23/05/2016;1,1409;1;0,2072;0,2707;0,0733;14,2317
;;;;;24/05/2016;2,0268;2;0,2075;0,2709;0,0734;14,2603
;;;;;25/05/2016;1,8997;2;0,2077;0,2711;0,0735;14,2613
;;;;;26/05/2016;2,0342;2;0,2069;0,2702;0,073;14,2613
;;;;;27/05/2016;2,3938;2;0,2069;0,2702;0,073;14,2426
;;;;;28/05/2016;1,3439;1;0,2069;0,2704;0,0731;14,2337
;;;;;29/05/2016;0,168;0;0,2066;0,2702;0,073;14,1825
Area_40;Zona_15;Sottoarea_88;40,76065696;14,3746718;20/05/2016;9,9491;10;0,8728;1,1412;1,3023;18,9043
;;;;;21/05/2016;6,5745;7;0,8708;1,1391;1,2976;18,8122
;;;;;22/05/2016;1,8513;2;0,8715;1,14;1,2997;18,83
;;;;;23/05/2016;4,3457;4;0,8697;1,1385;1,2962;18,824
;;;;;24/05/2016;9,8273;10;0,871;1,1396;1,2987;18,8354
;;;;;25/05/2016;10,1587;10;0,8722;1,1407;1,3011;18,8604
;;;;;26/05/2016;10,2156;10;0,8706;1,1394;1,2982;18,5547
;;;;;27/05/2016;9,0301;9;0,8696;1,1389;1,297;18,4984
;;;;;28/05/2016;5,8383;6;0,8679;1,1375;1,294;18,4497
;;;;;29/05/2016;2,4992;2;0,8679;1,138;1,295;18,4422
Area_41;Zona_15;Sottoarea_89;40,882091;14,2589085;20/05/2016;2,4824;2;0,2463;0,3164;0,1001;14,8647
;;;;;21/05/2016;1,6358;2;0,246;0,3163;0,1001;14,8144
;;;;;22/05/2016;0,2373;0;0,2465;0,3166;0,1003;14,8452
;;;;;23/05/2016;1,1268;1;0,2463;0,3165;0,1002;14,8363
;;;;;24/05/2016;2,0609;2;0,2465;0,3168;0,1004;14,8409
;;;;;25/05/2016;2,2712;2;0,2461;0,3164;0,1001;14,8409
;;;;;26/05/2016;2,6895;3;0,2455;0,3159;0,0998;14,8409
;;;;;27/05/2016;2,845;3;0,246;0,3162;0,1;14,8732
;;;;;28/05/2016;1,4889;1;0,2459;0,3163;0,1;14,8402
;;;;;29/05/2016;0,2514;0;0,2464;0,3166;0,1002;14,8725
Area_41;Zona_15;Sottoarea_90;40,90509673;14,47498589;20/05/2016;8,286;8;0,6645;0,8608;0,741;16,6542
;;;;;21/05/2016;5,0042;5;0,6622;0,8579;0,7359;16,5012
;;;;;22/05/2016;1,3954;1;0,6622;0,8582;0,7365;16,4884
;;;;;23/05/2016;3,9681;4;0,6613;0,8576;0,7356;16,4773
;;;;;24/05/2016;7,5264;8;0,6614;0,8581;0,7363;16,4696
;;;;;25/05/2016;7,2384;7;0,6624;0,8589;0,7377;16,494
;;;;;26/05/2016;7,948;8;0,6594;0,8544;0,73;16,494
;;;;;27/05/2016;8,3892;8;0,6587;0,854;0,7293;16,4567
;;;;;28/05/2016;4,59;5;0,6588;0,8545;0,7301;16,4618
;;;;;29/05/2016;1,4704;1;0,6579;0,8539;0,7291;16,4182
